Fish,Bait,Start,End,Transition,Weather,"Predator, Amount",Tug,Hookset,Gathering,Snagging?,Fish Eyes?,ID
Limsa Lominsa Upper Decks,,,,,,,,,,,,
Merlthor Goby,Lugworm,,,,,,,,,,,
Lominsan Anchovy,Lugworm,,,,,,,,,,,
Malm Kelp,Pill Bug,,,,,,,,,,,
Finger Shrimp,Lugworm,,,,,,,,,,,
Ocean Cloud,Pill Bug,,,,,,,,,,,
Harbor Herring,Pill Bug,,,,,,,,,,,
Coral Butterfly,Pill Bug,,,,,,,,,,,
Blue Octopus,Merlthor Goby,,,,,,,,,,,
Goldenfin,Pill Bug,9,14,,,,,,,,,208
Limsa Lominsa Lower Decks,,,,,,,,,,,,
Merlthor Goby,Lugworm,,,,,,,,,,,
Lominsan Anchovy,Lugworm,,,,,,,,,,,
Malm Kelp,Pill Bug,,,,,,,,,,,
Finger Shrimp,Lugworm,,,,,,,,,,,
Ocean Cloud,Pill Bug,,,,,,,,,,,
Harbor Herring,Pill Bug,,,,,,,,,,,
Coral Butterfly,Pill Bug,,,,,,,,,,,
Blue Octopus,Merlthor Goby,,,,,,,,,,,
Octomammoth,Harbor Herring,9,17,,,,,,,,,230
Zephyr Drift,,,,,,,,,,,,
Merlthor Goby,Lugworm,,,,,,,,,,,
Lominsan Anchovy,Lugworm,,,,,,,,,,,
Finger Shrimp,Lugworm,,,,,,,,,,,
Ocean Cloud,Pill Bug,,,,,,,,,,,
Sea Cucumber,,,,,,,,,,,,
Harbor Herring,Pill Bug,,,,,,,,,,,
Coral Butterfly,Pill Bug,,,,,,,,,,,
Angelfish,,,,,,,,,,,,
Blue Octopus,Merlthor Goby,,,,,,,,,,,
Zalera,Rat Tail,9,14,,,,,,,,,201
Rogue River,,,,,,,,,,,,
Crayfish,,,,,,,,,,,,
Chub,,,,,,,,,,,,
Dwarf Catfish,,,,,,,,,,,,
Princess Trout,,,,,,,,,,,,
La Noscean Perch,,,,,,,,,,,,
Beguiler Chub,Moth Pupa,9,14,,,,,,,,,202
West Agelyss River,,,,,,,,,,,,
Crayfish,,,,,,,,,,,,
Chub,,,,,,,,,,,,
Dwarf Catfish,,,,,,,,,,,,
Princess Trout,,,,,,,,,,,,
Gudgeon,,,,,,,,,,,,
La Noscean Perch,,,,,,,,,,,,
Great Gudgeon,Crayfish Ball,,,,,,,,,,,211
Summerford,,,,,,,,,,,,
Merlthor Goby,Lugworm,,,,,,,,,,,
Finger Shrimp,Lugworm,,,,,,,,,,,
White Coral,,,,,,,,,,,,
Ocean Cloud,Pill Bug,,,,,,,,,,,
Harbor Herring,Pill Bug,,,,,,,,,,,
Vongola Clam,,,,,,,,,,,,
Blue Octopus,Merlthor Goby,,,,,,,,,,,
Ogre Barracuda,,,,,,,,,,,,
Silver Shark,,,,,,,,,,,,
Gigantshark,Harbor Herring,,,,"Clear Skies, Fair Skies",,,,,,,209
Nym River,,,,,,,,,,,,
Chub,,,,,,,,,,,,
Dwarf Catfish,,,,,,,,,,,,
Princess Trout,,,,,,,,,,,,
Dusk Goby,,,,,,,,,,,,
Gudgeon,,,,,,,,,,,,
Maiden Carp,,,,,,,,,,,,
La Noscean Perch,,,,,,,,,,,,
High Perch,Sinking Minnow,5,8,,,,,,,,,232
Woad Whisper Canyon,,,,,,,,,,,,
Dwarf Catfish,,,,,,,,,,,,
Dusk Goby,,,,,,,,,,,,
River Crab,,,,,,,,,,,,
La Noscean Perch,,,,,,,,,,,,
Copperfish,,,,,,,,,,,,
Eunuch Crayfish,,,,,,,,,,,,
Glass Perch,,,,,,,,,,,,
Crystal Perch,Butterworm,,,,"Fog, Clouds, Wind",,,,,,,205
The Mourning Widow,,,,,,,,,,,,
Crayfish,,,,,,,,,,,,
Chub,,,,,,,,,,,,
Dwarf Catfish,,,,,,,,,,,,
Princess Trout,,,,,,,,,,,,
Dusk Goby,,,,,,,,,,,,
Gudgeon,,,,,,,,,,,,
Maiden Carp,,,,,,,,,,,,
Caterwauler,Moth Pupa,,,,,,,,,,,204
Moraby Bay,,,,,,,,,,,,
Merlthor Goby,Lugworm,,,,,,,,,,,
Malm Kelp,Pill Bug,,,,,,,,,,,
Ocean Cloud,Pill Bug,,,,,,,,,,,
Sea Cucumber,,,,,,,,,,,,
Vongola Clam,,,,,,,,,,,,
Moraby Flounder,,,,,,,,,,,,
Pebble Crab,,,,,,,,,,,,
Blue Octopus,Merlthor Goby,,,,,,,,,,,
Oschon's Print,Goby Ball,,,,,,,,,,,203
Cedarwood,,,,,,,,,,,,
Merlthor Goby,Lugworm,,,,,,,,,,,
Ocean Cloud,Pill Bug,,,,,,,,,,,
Harbor Herring,Pill Bug,,,,,,,,,,,
Moraby Flounder,,,,,,,,,,,,
Pebble Crab,,,,,,,,,,,,
Tiger Cod,,,,,,,,,,,,
Blue Octopus,Merlthor Goby,,,,,,,,,,,
Leafy Seadragon,,,,,,,,,,,,
Syldra,Spoon Worm,,,,Rain,,,,,,,233
Oschon's Torch,,,,,,,,,,,,
Sea Cucumber,,,,,,,,,,,,
Vongola Clam,,,,,,,,,,,,
Moraby Flounder,,,,,,,,,,,,
Pebble Crab,,,,,,,,,,,,
Tiger Cod,,,,,,,,,,,,
Rothlyt Oyster,,,,,,,,,,,,
Mahi-Mahi,Yumizuno,10,18,,,,,,,,,159
Silver Sovereign,Yumizuno,,,,,,,,,,,213
Candlekeep Quay,,,,,,,,,,,,
Lominsan Anchovy,Lugworm,,,,,,,,,,,
Vongola Clam,,,,,,,,,,,,
Moraby Flounder,,,,,,,,,,,,
Pebble Crab,,,,,,,,,,,,
Tiger Cod,,,,,,,,,,,,
Rothlyt Oyster,,,,,,,,,,,,
Shall Shell,,,,,,,,,,,,
Sabertooth Cod,Goby Ball,16,22,,,,,,,,,214
Moraby Drydocks,,,,,,,,,,,,
Ocean Cloud,Pill Bug,,,,,,,,,,,
Harbor Herring,Pill Bug,,,,,,,,,,,
Moraby Flounder,,,,,,,,,,,,
Pebble Crab,,,,,,,,,,,,
Tiger Cod,,,,,,,,,,,,
Rothlyt Oyster,,,,,,,,,,,,
Navigator's Dagger,,,,,,,,,,,,
Blue Octopus,Merlthor Goby,,,,,,,,,,,
Jacques the Snipper,Goby Ball,21,3,,,,,,,,,235
Empty Heart,,,,,,,,,,,,
Dusk Goby,,,,,,,,,,,,
Crimson Crayfish,,,,,,,,,,,,
Faerie Bass,,,,,,,,,,,,
Acorn Snail,,,,,,,,,,,,
Moat Carp,,,,,,,,,,,,
Copperfish,,,,,,,,,,,,
Eunuch Crayfish,,,,,,,,,,,,
Grip Killifish,,,,,,,,,,,,
Faerie Queen,Spinnerbait,,,,"Fog, Clouds, Wind",,,,,,,220
The Salt Strand,,,,,,,,,,,,
Sea Cucumber,,,,,,,,,,,,
Pebble Crab,,,,,,,,,,,,
Helmet Crab,,,,,,,,,,,,
Razor Clam,,,,,,,,,,,,
Blowfish,,,,,,,,,,,,
Sea Bo,,,,,,,,,,,,
Black Sole,,,,,,,,,,,,
Tiny Tortoise,,,,,,,,,,,,
Meteor Survivor,Rat Tail,3,5,,"Fog, Clouds, Wind",,,,,,,239
Blind Iron Mines,,,,,,,,,,,,
Bone Crayfish,,,,,,,,,,,,
Acorn Snail,,,,,,,,,,,,
Blindfish,,,,,,,,,,,,
Lamp Marimo,Chocobo Fly,,,,,,,,,,,74
Cupfish,Syrphid Basket,17,19,,,,,,,,,238
South Bloodshore,,,,,,,,,,,,
Merlthor Goby,Lugworm,,,,,,,,,,,
Coral Butterfly,Pill Bug,,,,,,,,,,,
Blue Octopus,Merlthor Goby,,,,,,,,,,,
Blue Coral,,,,,,,,,,,,
Sea Bo,,,,,,,,,,,,
Bianaq Bream,,,,,,,,,,,,
Fullmoon Sardine,Spoon Worm,18,6,,,,,,,,,83
Silver Shark,,,,,,,,,,,,
Gigant Clam,Heavy Steel Jig,23,2,,,,,,,,,313
The Greatest Bream in the World,Shrimp Cage Feeder,20,23,,,,,,,,,245
Costa del Sol,,,,,,,,,,,,
Angelfish,,,,,,,,,,,,
Blowfish,,,,,,,,,,,,
Bianaq Bream,,,,,,,,,,,,
Indigo Herring,,,,,,,,,,,,
Ash Tuna,,,,,,,,,,,,
Fullmoon Sardine,Spoon Worm,18,6,,,,,,,,,83
Lavender Remora,,,,,,,,,,,,
Silver Shark,,,,,,,,,,,,
Little Thalaos,Northern Krill,,,,"Rain, Showers",,,,,,,155
Shark Tuna,Fullmoon Sardine,19,21,,"Clear Skies, Fair Skies",,,,,,,251
North Bloodshore,,,,,,,,,,,,
Harbor Herring,Pill Bug,,,,,,,,,,,
Ogre Barracuda,,,,,,,,,,,,
Black Sole,,,,,,,,,,,,
Sea Pickle,,,,,,,,,,,,
Ash Tuna,,,,,,,,,,,,
Whitelip Oyster,,,,,,,,,,,,
Balloonfish,,,,,,,,,,,,
Red Coral,,,,,,,,,,,,
Mazlaya Marlin,,,,,,,,,,,,
Bombardfish,Herring Ball,9,15,,Clear Skies,,,,,,,260
Rhotano Sea (Privateer Forecastle),,,,,,,,,,,,
Finger Shrimp,Lugworm,,,,,,,,,,,
Harbor Herring,Pill Bug,,,,,,,,,,,
Blowfish,,,,,,,,,,,,
Balloonfish,,,,,,,,,,,,
Ash Tuna,,,,,,,,,,,,
Red Coral,,,,,,,,,,,,
Ogre Barracuda,Harbor Herring,,,,,,,,,,,
Mazlaya Marlin,,,,,,,,,,,,
Gigant Octopus,,,,,,,,,,,,
The Old Man in the Sea,Ogre Barracuda,,,"Rain, Showers",Clear Skies,,,,,,,289
Rhotano Sea (Privateer Sterncastle),,,,,,,,,,,,
Merlthor Goby,Lugworm,,,,,,,,,,,
Blowfish,,,,,,,,,,,,
Leafy Seadragon,,,,,,,,,,,,
Rock Lobster,Northern Krill,17,21,,,,,,,,,149
Wahoo,Merlthor Goby,,,,,,,,,,,116
Little Thalaos,Northern Krill,,,,"Rain, Showers",,,,,,,155
Shall Shell,,,,,,,,,,,,
Megalodon,,,,,,,,,,,,
Giant Squid,,,,,,,,,,,,
Nepto Dragon,Northern Krill,,,,"Rain, Showers","Little Thalaos, 3",,,,,,290
Hidden Falls,,,,,,,,,,,,
Crimson Crayfish,,,,,,,,,,,,
Dark Sleeper,Brass Spoon Lure,15,10,,N/A,,Light,,,,,
Mitten Crab,,,,,,,,,,,,
Spotted Puffer,,,,,,,,,,,,
Discus,,,,,,,,,,,,
Kobold Puffer,,,,,,,,,,,,
The Salter,Honey Worm,17,20,,N/A,,Light,,,,,261
East Agelyss River,,,,,,,,,,,,
Copperfish,,,,,,,,,,,,
Lamprey,,,,,,,,,,,,
Monke Onke,,,,,,,,,,,,
Mitten Crab,,,,,,,,,,,,
Discus,,,,,,,,,,,,
Loyal Pleco,,,,,,,,,,,,
Archerfish,,,,,,,,,,,,
Agelyss Carp,,,,,,,,,,,,
The Drowned Sniper,Snurble Fly,,,,"Clear Skies, Fair Skies",,,,,,,274
Raincatcher Gully,,,,,,,,,,,,
Copperfish,,,,,,,,,,,,
Lamprey,,,,,,,,,,,,
Mitten Crab,,,,,,,,,,,,
Giant Bass,,,,,,,,,,,,
Discus,,,,,,,,,,,,
Loyal Pleco,,,,,,,,,,,,
Thunderbolt Sculpin,Spinner,,,,"Rain, Showers",,,,,,,113
Archerfish,,,,,,,,,,,,
Agelyss Carp,,,,,,,,,,,,
The Terpsichorean,Honey Worm,,,,Fog,,,,,,,275
The Juggernaut,,,,,,,,,,,,
Copperfish,Midge Basket,,,,,,,,,,,
Mudcrab,,,,,,,,,,,,
Lamprey,,,,,,,,,,,,
Grip Killifish,,,,,,,,,,,,
Silverfish,,,,,,,,,,,,
Sludgeskipper,,,,,,,,,,,,
Vampire Lampern,,,,,,,,,,,,
Mirrorscale,Copperfish,9,16,,"Clear Skies, Fair Skies",,,,,,,276
Red Mantis Falls,,,,,,,,,,,,
Mitten Crab,,,,,,,,,,,,
Silverfish,Honey Worm,,,,,,,,,,,
Clown Loach,,,,,,,,,,,,
Discus,,,,,,,,,,,,
Knifefish,,,,,,,,,,,,
Agelyss Carp,,,,,,,,,,,,
Goldfish,Silverfish,,,,,,,,,,,
Jungle Catfish,Goldfish,,,,,,,,,,,184
Imperial Goldfish,Silverfish,,,,,"Jungle Catfish, 3",,,,,,288
North Isle of Endless Summer,,,,,,,,,,,,
Merlthor Goby,Lugworm,,,,,,,,,,,
Blowfish,,,,,,,,,,,,
Leafy Seadragon,,,,,,,,,,,,
Wahoo,Merlthor Goby,,,,,,,,,,,116
Little Thalaos,Northern Krill,,,,"Rain, Showers",,,,,,,155
Shall Shell,,,,,,,,,,,,
Megalodon,,,,,,,,,,,,
Giant Squid,,,,,,,,,,,,
Castaway Chocobo Chick,,,,,,,,,,,,
Little Perykos,Wahoo,,,,"Rain, Showers",,,,,,,637
Swiftperch,,,,,,,,,,,,
Lominsan Anchovy,Lugworm,,,,,,,,,,,
White Coral,,,,,,,,,,,,
Harbor Herring,Pill Bug,,,,,,,,,,,
Moraby Flounder,,,,,,,,,,,,
Pebble Crab,,,,,,,,,,,,
Tiger Cod,,,,,,,,,,,,
Rothlyt Oyster,,,,,,,,,,,,
Blue Octopus,Merlthor Goby,,,,,,,,,,,
Halibut,,,,,,,,,,,,
Armorer,Northern Krill,19,3,,N/A,,,,,,,210
Skull Valley,,,,,,,,,,,,
Merlthor Goby,Lugworm,,,,,,,,,,,
Tiger Cod,,,,,,,,,,,,
Rothlyt Oyster,,,,,,,,,,,,
Razor Clam,,,,,,,,,,,,
Blue Octopus,Merlthor Goby,,,,,,,,,,,
Wahoo,Merlthor Goby,,,,,,,,,,,116
Goosefish,,,,,,,,,,,,
Junkmonger,Wahoo,16,2,,,,,,,,,207
The Brewer's Beacon,,,,,,,,,,,,
White Coral,,,,,,,,,,,,
Harbor Herring,Pill Bug,,,,,,,,,,,
Helmet Crab,,,,,,,,,,,,
Rothlyt Oyster,,,,,,,,,,,,
Navigator's Dagger,,,,,,,,,,,,
Ogre Barracuda,,,,,,,,,,,,
Gigant Octopus,,,,,,,,,,,,
Navigator's Brand,Yumizuno,9,14,,"Clear Skies, Fair Skies",,,,,,,216
Halfstone,,,,,,,,,,,,
Saber Sardine,,,,,,,,,,,,
Blue Coral,,,,,,,,,,,,
Hammerhead Shark,,,,,,,,,,,,
Sea Pickle,,,,,,,,,,,,
Whitelip Oyster,,,,,,,,,,,,
Lavender Remora,,,,,,,,,,,,
Balloonfish,,,,,,,,,,,,
The Lone Ripper,Heavy Steel Jig,,,,Gales,,,Powerful,,,,262
Isles of Umbra Northshore,,,,,,,,,,,,
Merlthor Goby,Lugworm,,,,,,,,,,,
Ocean Cloud,Pill Bug,,,,,,,,,,,
Fullmoon Sardine,Spoon Worm,18,6,,,,,,,,,83
Lavender Remora,,,,,,,,,,,,
Red Coral,,,,,,,,,,,,
Silver Shark,,,,,,,,,,,,
Wahoo,Merlthor Goby,,,,,,,,,,,116
Pike Eel,,,,,,,,,,,,
Sunfish,,,,,,,,,,,,
Helmsman's Hand,Ocean Cloud,9,15,,"Fog, Clouds, Wind",,,,,,,277
The Ship Graveyard,,,,,,,,,,,,
Merlthor Goby,Lugworm,,,,,,,,,,,
Red Coral,,,,,,,,,,,,
Wahoo,Merlthor Goby,,,,,,,,,,,116
Blacklip Oyster,,,,,,,,,,,,
Pike Eel,,,,,,,,,,,,
Mummer Wrasse,,,,,,,,,,,,
Plaice,,,,,,,,,,,,
Giant Squid,Wahoo,,,,,,,,,,,
Megalodon,,,,,,,,,,,,
Frilled Shark,Giant Squid,17,3,,"Fog, Clouds, Wind",,,,,,,286
Sapsa Spawning Grounds,,,,,,,,,,,,
Fullmoon Sardine,Steel Jig,18,6,,,,,,,,,83
Whitelip Oyster,,,,,,,,,,,,
Red Coral,,,,,,,,,,,,
Blacklip Oyster,,,,,,,,,,,,
Nautilus,Fullmoon Sardine,N/A,N/A,,,,,,,,,124
Sea Devil,,,,,,,,,,,,
The Captain's Chalice,Fullmoon Sardine,23,2,,,,,,,,,284
Isles of Umbra Southshore,,,,,,,,,,,,
Fullmoon Sardine,Spoon Worm,18,6,,,,,,,,,83
Red Coral,,,,,,,,,,,,
Blacklip Oyster,,,,,,,,,,,,
Nautilus,Fullmoon Sardine,N/A,N/A,,,,,,,,,124
Mummer Wrasse,,,,,,,,,,,,
Plaice,,,,,,,,,,,,
Sea Devil,,,,,,,,,,,,
Coelacanth,Fullmoon Sardine,N/A,N/A,,,,,,,,,166
Coelacanthus,Fullmoon Sardine,22,3,,"Fog, Clouds, Wind",,,,,,,291
Endoceras,Fullmoon Sardine,20,4,"Clear Skies, Fair Skies","Fog, Clouds, Wind",,,,,,,292
Reaver Hide,,,,,,,,,,,,
Lominsan Anchovy,Lugworm,,,,,,,,,,,
Merlthor Goby,Lugworm,,,,,,,,,,,
Red Coral,,,,,,,,,,,,
Wahoo,Merlthor Goby,,,,,,,,,,,116
Blacklip Oyster,,,,,,,,,,,,
Rock Lobster,Northern Krill,17,21,,,,,,,,,149
Dinichthys,,,,,,,,,,,,
Seahag,Wahoo,19,2,,"Clear Skies, Fair Skies",,,,,,,293
Oakwood,,,,,,,,,,,,
River Crab,,,,,,,,,,,,
Faerie Bass,,,,,,,,,,,,
Jade Eel,,,,,,,,,,,,
Pond Mussel,,,,,,,,,,,,
Warmwater Trout,,,,,,,,,,,,
Four-eyed Fish,,,,,,,,,,,,
Dark Bass,,,,,,,,,,,,
Common Sculpin,Spinner,,,,,,,,,,,
Coeurlfish,,,,,,,,,,,,
Toramafish,Common Sculpin,17,20,,"Fog, Clouds",,,,,,,241
Fool Falls,,,,,,,,,,,,
Crimson Crayfish,,,,,,,,,,,,
River Crab,,,,,,,,,,,,
Copperfish,,,,,,,,,,,,
Bluebell Salmon,,,,,,,,,,,,
Jade Eel,,,,,,,,,,,,
Warmwater Trout,,,,,,,,,,,,
Four-eyed Fish,,,,,,,,,,,,
Dark Bass,,,,,,,,,,,,
Fall Jumper,,,,,,,,,,,,
Joan of Trout,Crow Fly,4,6,,,,,,,,,240
Bronze Lake Shallows,,,,,,,,,,,,
Crimson Crayfish,,,,,,,,,,,,
River Crab,,,,,,,,,,,,
Faerie Bass,,,,,,,,,,,,
Jade Eel,,,,,,,,,,,,
Pond Mussel,,,,,,,,,,,,
Worm of Nym,Butterworm,19,22,,,,,,,,,252
Northeast Bronze Lake,,,,,,,,,,,,
Jade Eel,,,,,,,,,,,,
Pond Mussel,,,,,,,,,,,,
Four-eyed Fish,,,,,,,,,,,,
Bonytongue,,,,,,,,,,,,
Mitten Crab,,,,,,,,,,,,
Silverfish,,,,,,,,,,,,
Giant Bass,,,,,,,,,,,,
Bronze Lake Trout,,,,,,,,,,,,
Giant Catfish,,,,,,,,,,,,
King of the Spring,Spinnerbait,16,19,,,,,,,,,263
The Long Climb,,,,,,,,,,,,
Giant Bass,,,,,,,,,,,,
Ignus Snail,,,,,,,,,,,,
Thunderbolt Sculpin,Spinner,,,,"Rain, Showers",,,,,,,113
Warmwater Trout,,,,,,,,,,,,
Bronze Lake Trout,,,,,,,,,,,,
Giant Donko,Spinnerbait,4,12,,,,,,,,,157
Thundergut,Stem Borer,19,3,,Rain,,,,,,,273
Northwest Bronze Lake,,,,,,,,,,,,
Jade Eel,,,,,,,,,,,,
Pond Mussel,,,,,,,,,,,,
Four-eyed Fish,,,,,,,,,,,,
Bonytongue,,,,,,,,,,,,
Mitten Crab,,,,,,,,,,,,
Silverfish,,,,,,,,,,,,
Giant Bass,,,,,,,,,,,,
Bronze Lake Trout,,,,,,,,,,,,
Giant Catfish,,,,,,,,,,,,
King of the Spring,Spinnerbait,16,19,,,,,,,,,263
Mist,,,,,,,,,,,,
Harbor Herring,Pill Bug,,,,,,,,,,,
Blue Octopus,Merlthor Goby,,,,,,,,,,,
Blowfish,,,,,,,,,,,,
Bianaq Bream,,,,,,,,,,,,
Indigo Herring,,,,,,,,,,,,
Ash Tuna,,,,,,,,,,,,
Fullmoon Sardine,Spoon Worm,18,6,,,,,,,,,83
Nautilus,Fullmoon Sardine,N/A,N/A,,,,,,,,,124
Twitchbeard,Fullmoon Sardine,4,6,,"Clear Skies, Fair Skies",,,,,,,253
Jadeite Flood,,,,,,,,,,,,
Crayfish,,,,,,,,,,,,
Pipira,,,,,,,,,,,,
Gudgeon,,,,,,,,,,,,
Maiden Carp,,,,,,,Medium,,,,,
Moat Carp,,,,,,,,,,,,
Raincaller,Stem Borer,,,,Rain,,,,,,,117
Stormdancer,Stem Borer,17,2,,Rain,,,,,,,236
Lower Black Tea Brook,,,,,,,,,,,,
Crayfish,,,,,,,,,,,,
Pipira,,,,,,,,,,,,
Gudgeon,,,,,,,,,,,,
Maiden Carp,,,,,,,,,,,,
Moat Carp,,,,,,,,,,,,
Bloody Brewer,Crayfish Ball,,,,,,,,,,,219
Whispering Gorge,,,,,,,,,,,,
Crayfish,,,,,,,,,,,,
Pipira,,,,,,,,,,,,
Gudgeon,,,,,,,,,,,,
Maiden Carp,,,,,,,,,,,,
Moat Carp,,,,,,,,,,,,
Raincaller,Stem Borer,,,,Rain,,,,,,,117
Matron Carp,Bloodworm,15,21,,,,,,,,,231
Upper Black Tea Brook,,,,,,,,,,,,
Crayfish,,,,,,,,,,,,
Pipira,,,,,,,,,,,,
Gudgeon,,,,,,,,,,,,
Maiden Carp,,,,,,,,,,,,
Moat Carp,,,,,,,,,,,,
Carp Diem,Crow Fly,9,14,,"Fog, Clouds",,,,,,,224
The Vein,,,,,,,,,,,,
Crayfish,,,,,,,,,,,,
Striped Goby,Moth Pupa,,,,,,,,,,,
Pipira,,,,,,,,,,,,
Gudgeon,,,,,,,,,,,,
Brass Loach,,,,,,,Medium,,,,,
Maiden Carp,,,,,,,,,,,,
Eunuch Crayfish,,,,,,,,,,,,
Chirurgeon,Striped Goby,,,,,,,,,,,228
The Mirror,,,,,,,,,,,,
Bone Crayfish,,,,,,,,,,,,
Pipira,,,,,,,,,,,,
Gudgeon,,,,,,,,,,,,
Brass Loach,,,,,,,Medium,,,,,
Maiden Carp,,,,,,,,,,,,
Moat Carp,,,,,,,,,,,,
Tri-colored Carp,,,,,,,,,,,,
Ghost Carp,Butterworm,21,3,,Rain,,,,,,,223
Everschade,,,,,,,,,,,,
Black Eel,,,,,,,,,,,,
Ala Mhigan Fighting Fish,Midge Basket,,,,,,Light,,,,,
Monke Onke,,,,,,,,,,,,
Mitten Crab,,,,,,,,,,,,
Spotted Pleco,,,,,,,,,,,,
Bonytongue,,,,,,,,,,,,
Levinlight,Syrphid Basket,18,23,,,,,,,,,256
Hopeseed Pond,,,,,,,,,,,,
Mudcrab,,,,,,,,,,,,
Black Eel,,,,,,,,,,,,
Ala Mhigan Fighting Fish,Midge Basket,,,,,,Light,,,,,
Black Ghost,Ala Mhigan Fighting Fish,,,,,,,,,,,
Mudskipper,,,,,,,,,,,,
Clown Loach,,,,,,,,,,,,
Seema,,,,,,,,,,,,
The Green Jester,Honey Worm,18,21,,,,,,,,,270
Haukke Manor,,,,,,,,,,,,
Mudskipper,,,,,,,,,,,,
Ala Mhigan Fighting Fish,,,,,,,Light,,,,,
Mudcrab,,,,,,,,,,,,
Monke Onke,,,,,,,,,,,,
Silverfish,Honey Worm,,,,,,,,,,,
Bloodbath,Silverfish,,,,Thunder,,,,,,,271
Sweetbloom Pier,,,,,,,,,,,,
Bone Crayfish,,,,,,,,,,,,
Striped Goby,Moth Pupa,,,,,,,,,,,
Pipira,,,,,,,,,,,,
Maiden Carp,,,,,,,,,,,,
River Crab,,,,,,,,,,,,
Dark Sleeper,Midge Basket,15,10,,N/A,,,,,,,
Eunuch Crayfish,,,,,,,,,,,,
Dark Ambusher,Striped Goby,21,3,,,,,,,,,217
Springripple Brook,,,,,,,,,,,,
Brass Loach,,,,,,,Medium,,,,,
Maiden Carp,,,,,,,,,,,,
Rainbow Trout,,,,,,,Medium,,,,,
River Crab,,,,,,,,,,,,
Ala Mhigan Fighting Fish,Midge Basket,,,,,,Light,,,,,
Bluebell Salmon,,,,,,,,,,,,
Eunuch Crayfish,,,,,,,,,,,,
Moldva,Ala Mhigan Fighting Fish,18,2,,,,,,,,,206
Sanctum of the Twelve,,,,,,,,,,,,
Bone Crayfish,,,,,,,,,,,,
River Crab,,,,,,,,,,,,
Acorn Snail,,,,,,,,,,,,
Moat Carp,,,,,,,,,,,,
Tri-colored Carp,,,,,,,,,,,,
Pond Mussel,,,,,,,,,,,,
Dark Bass,,,,,,,,,,,,
The Assassin,Butterworm,21,23,,,,,,,,,243
Verdant Drop,,,,,,,,,,,,
Rainbow Trout,,,,,,,Medium,,,,,
River Crab,,,,,,,,,,,,
Copperfish,Butterworm,,,,,,,,,,,
Black Eel,,,,,,,,,,,,
Climbing Perch,,,,,,,,,,,,
Yugr'am Salmon,,,,,,,,,,,,
Spotted Pleco,,,,,,,,,,,,
Fall Jumper,,,,,,,,,,,,
Sylphsbane,Copperfish,,,,Rain,,,,,,,248
Sylphlands,,,,,,,,,,,,
Giant Bass,,,,,,,,,,,,
Velodyna Carp,,,,,,,,,,,,
Oakroot,,,,,,,,,,,,
Common Sculpin,Spinner,,,,,,,,,,,
Southern Pike,,,,,,,,,,,,
Mushroom Crab,Common Sculpin,,,,"Fog, Clouds",,,,,,,173
Magicked Mushroom,Common Sculpin,,,"Rain, Thunder","Fog, Clouds",,,,,,,309
Upper Hathoeva River,,,,,,,,,,,,
Rainbow Trout,,,,,,,Medium,,,,,
River Crab,,,,,,,,,,,,
Ala Mhigan Fighting Fish,,,,,,,Light,,,,,
Faerie Bass,,,,,,,,,,,,
Dark Sleeper,Midge Basket,15,10,,N/A,,,,,,,
Eunuch Crayfish,,,,,,,,,,,,
Black Eel,,,,,,,,,,,,
Velodyna Carp,,,,,,,,,,,,
Vip Viper,Butterworm,18,19,,,,,,,,,244
Lower Hathoeva River,,,,,,,,,,,,
Rainbow Trout,,,,,,,Medium,,,,,
Ala Mhigan Fighting Fish,,,,,,,Light,,,,,
Faerie Bass,,,,,,,,,,,,
Mudcrab,,,,,,,,,,,,
Eunuch Crayfish,,,,,,,,,,,,
Black Eel,,,,,,,,,,,,
Climbing Perch,,,,,,,,,,,,
Yugr'am Salmon,,,,,,,,,,,,
Velodyna Carp,,,,,,,,,,,,
Floating Boulder,Bass Ball,0,8,,"Fog, Clouds",,,,,,,249
East Hathoeva River,,,,,,,,,,,,
Rainbow Trout,,,,,,,Medium,,,,,
Faerie Bass,,,,,,,,,,,,
Dark Sleeper,Midge Basket,15,10,,N/A,,,,,,,
Copperfish,,,,,,,,,,,,
Mudcrab,,,,,,,,,,,,
Eunuch Crayfish,,,,,,,,,,,,
Black Eel,,,,,,,,,,,,
Velodyna Carp,,,,,,,,,,,,
The Grinner,Syrphid Basket,,,,,,,,,,,250
Middle Hathoeva River,,,,,,,,,,,,
Rainbow Trout,,,,,,,Medium,,,,,
Dark Sleeper,Butterworm,15,10,,N/A,,,,,,,
Five-ilm Pleco,,,,,,,,,,,,
Yugr'am Salmon,,,,,,,,,,,,
Mitten Crab,,,,,,,,,,,,
Seema,,,,,,,,,,,,
Armored Pleco,,,,,,,,,,,,
Velodyna Carp,,,,,,,,,,,,
The Sinker,Sinking Minnow,21,3,,"Clear Skies, Fair Skies",,,,,,,257
Goblinblood,,,,,,,,,,,,
Ala Mhigan Fighting Fish,,,,,,,Light,,,,,
Mudcrab,,,,,,,,,,,,
Dark Bass,,,,,,,,,,,,
Five-ilm Pleco,,,,,,,,,,,,
Black Ghost,,,,,,,,,,,,
Yugr'am Salmon,,,,,,,,,,,,
Bonytongue,,,,,,,,,,,,
Silverfish,Honey Worm,,,,,,,,,,,
Goblin Perch,,,,,,,,,,,,
The Gobfather,Silverfish,,,,"Thunder, Thunderstorms",,,,,,,258
Rootslake,,,,,,,,,,,,
Bone Crayfish,,,,,,,,,,,,
Climbing Perch,,,,,,,,,,,,
Root Skipper,,,,,,,,,,,,
Mitten Crab,,,,,,,,,,,,
Armored Pleco,,,,,,,,,,,,
Judgment Staff,Caddisfly Larva,,,,"Thunder, Thunderstorms",,,,,,,174
Son of Levin,Caddisfly Larva,,,,Thunderstorms,,,,,,,272
Urth's Gift,,,,,,,,,,,,
Ala Mhigan Fighting Fish,,,,,,,Light,,,,,
Monke Onke,,,,,,,,,,,,
Bonytongue,,,,,,,,,,,,
Mitten Crab,,,,,,,,,,,,
Velodyna Carp,,,,,,,,,,,,
Southern Pike,,,,,,,,,,,,
Boxing Pleco,Glowworm,,,,,,,,,,,141
Takitaro,,,,,,,,,,,,
Giant Takitaro,Glowworm,,,,"Thunder, Thunderstorms",,,,,,,310
Namitaro,Topwater Frog,,,,N/A,"Giant Takitaro, 1",,,,,,311
Murmur Rills,,,,,,,,,,,,
Brass Loach,,,,,,,Medium,,,,,
Maiden Carp,,,,,,,Medium,,,,,
Rainbow Trout,,,,,,,Medium,,,,,
River Crab,,,,,,,,,,,,
Bluebell Salmon,,,,,,,,,,,,
Tri-colored Carp,,,,,,,,,,,,
Blue Widow,Floating Minnow,9,14,,N/A,,,,,,,222
Fallgourd Float,,,,,,,,,,,,
Striped Goby,,,,,,,,,,,,
Brass Loach,Wildfowl Fly,,,,,,Medium,,,,,
Maiden Carp,Wildfowl Fly,,,,,,Medium,,,,,
Rainbow Trout,Wildfowl Fly,,,,,,Medium,,,,,
Ala Mhigan Fighting Fish,Wildfowl Fly,,,,,,Light,,,,,
Faerie Bass,,,,,,,,,,,,
Dark Sleeper,Brass Spoon Lure,15,10,,N/A,,,,,,,
Shadow Catfish,,,,,,,,,,,,
Judgeray,Wildfowl Fly,17,21,,,,Heavy,,,,,218
Proud Creek,,,,,,,,,,,,
Pond Mussel,,,,,,,,,,,,
Mitten Crab,,,,,,,,,,,,
Seema,,,,,,,,,,,,
Golden Loach,,,,,,,,,,,,
Loyal Pleco,,,,,,,,,,,,
Oakroot,,,,,,,,,,,,
Southern Pike,,,,,,,,,,,,
Pirarucu,,,,,,,,,,,,
Shadowstreak,Topwater Frog,4,10,,Fog,,,,,,,283
Lake Tahtotl,,,,,,,,,,,,
Mudcrab,,,,,,,,,,,,
Pond Mussel,,,,,,,,,,,,
Bonytongue,,,,,,,,,,,,
Silverfish,,,,,,,,,,,,
Assassin Betta,,,,,,,,,,,,
Boxing Pleco,Glowworm,,,,,,,,,,,141
Goldfish,,,,,,,,,,,,
Bowfin,,,,,,,,,,,,
Cornelia,Rainbow Spoon Lure,,,,,"Boxing Pleco, 5",,,,,,296
The Lavender Beds,,,,,,,,,,,,
Pipira,,,,,,,,,,,,
Dark Sleeper,Brass Spoon Lure,15,10,,N/A,,Light,,,,,
Ala Mhigan Fighting Fish,Midge Basket,,,,,,Light,,,,,
Tri-colored Carp,,,,,,,,,,,,
Shadow Catfish,,,,,,,,,,,,
Spotted Pleco,,,,,,,,,,,,
Bonytongue,,,,,,,,,,,,
Monke Onke,,,,,,,,,,,,
Sweetnewt,Ala Mhigan Fighting Fish,23,4,,Fog,,,,,,,259
Nophica's Wells,,,,,,,,,,,,
Bone Crayfish,,,,,,,,,,,,
Dusk Goby,,,,,,,,,,,,
Gudgeon,,,,,,,,,,,,
Brass Loach,,,,,,,Medium,,,,,
Maiden Carp,,,,,,,Medium,,,,,
Copperfish,,,,,,,,,,,,
Eunuch Crayfish,,,,,,,,,,,,
Glimmerscale,Butterworm,,,,"Clear Skies, Fair Skies",,,,,,,237
The Footfalls,,,,,,,,,,,,
Crayfish,,,,,,,,,,,,
Mudskipper,,,,,,,,,,,,
Faerie Bass,,,,,,,,,,,,
Mudcrab,,,,,,,,,,,,
Acorn Snail,,,,,,,,,,,,
Copperfish,,,,,,,,,,,,
Eunuch Crayfish,,,,,,,,,,,,
Mud Golem,Butterworm,21,3,,,,,,,,,229
Vesper Bay,,,,,,,,,,,,
Lominsan Anchovy,Lugworm,,,,,,,,,,,
Harbor Herring,Pill Bug,,,,,,,,,,,
Pebble Crab,,,,,,,,,,,,
Tiger Cod,,,,,,,,,,,,
Rothlyt Oyster,,,,,,,,,,,,
Blue Octopus,Merlthor Goby,,,,,,,,,,,
Rivet Oyster,Heavy Steel Jig,,,,,,,,,,,234
Crescent Cove,,,,,,,,,,,,
Lominsan Anchovy,Lugworm,,,,,,,,,,,
Razor Clam,,,,,,,,,,,,
Blowfish,,,,,,,,,,,,
Saber Sardine,,,,,,,,,,,,
Monkfish,,,,,,,,,,,,
Spotted Puffer,,,,,,,,,,,,
Rock Lobster,Northern Krill,17,21,,,,,,,,,149
Fingers,Northern Krill,17,18,,,,,,,,,242
The Silver Bazaar,,,,,,,,,,,,
Lominsan Anchovy,Lugworm,,,,,,,,,,,
Pebble Crab,,,,,,,,,,,,
Tiger Cod,,,,,,,,,,,,
Rothlyt Oyster,,,,,,,,,,,,
Hammerhead Shark,,,,,,,,,,,,
Indigo Herring,,,,,,,,,,,,
Rock Lobster,Northern Krill,17,21,,,,,,,,,149
Dirty Herry,Northern Krill,20,22,,,,,,,,,246
Cape Westwind,,,,,,,,,,,,
Merlthor Goby,Lugworm,,,,,,,,,,,
Haraldr Haddock,,,,,,,,,,,,
Whitelip Oyster,,,,,,,,,,,,
Silver Shark,,,,,,,,,,,,
Wahoo,Merlthor Goby,,,,,,,,,,,116
Blacklip Oyster,,,,,,,,,,,,
Plaice,,,,,,,,,,,,
Sea Devil,,,,,,,,,,,,
Titanic Sawfish,Wahoo,9,15,,"Clear Skies, Fair Skies",,,,,,,180
Pirate's Bane,Wahoo,,,,,"Wahoo, 6",,,,,,300
Moondrip,,,,,,,,,,,,
Blindfish,,,,,,,,,,,,
Grip Killifish,,,,,,,,,,,,
Silverfish,Honey Worm,,,,,,,,,,,
Assassin Betta,Silverfish,,,,,,,,,,,
Garpike,,,,,,,,,,,,
Ndendecki,Assassin Betta,18,5,,Fog,,,,,,,301
Parata's Peace,,,,,,,,,,,,
Grip Killifish,,,,,,,,,,,,
Silverfish,Honey Worm,,,,,,,,,,,
Ignus Snail,,,,,,,,,,,,
Sludgeskipper,,,,,,,,,,,,
Boltfish,,,,,,,,,,,,
Ilsabardian Bass,,,,,,,,,,,,
Vampire Lampern,,,,,,,,,,,,
Bat-o'-Nine-Tails,Silverfish,,,Rain,"Fog, Clouds, Clear Skies, Fair Skies",,,,,,,302
Upper Soot Creek,,,,,,,,,,,,
Bone Crayfish,,,,,,,,,,,,
Dusk Goby,,,,,,,,,,,,
Brass Loach,,,,,,,Medium,,,,,
Maiden Carp,,,,,,,Medium,,,,,
Dark Bass,,,,,,,,,,,,
Dream Goby,Crayfish Ball,17,3,,,,,,,,,215
Lower Soot Creek,,,,,,,,,,,,
Bone Crayfish,,,,,,,,,,,,
Dusk Goby,,,,,,,,,,,,
Brass Loach,,,,,,,Medium,,,,,
Maiden Carp,,,,,,,Medium,,,,,
Dark Bass,,,,,,,,,,,,
Aegis Shrimp,,,,,,,,,,,,
Slime King,Crayfish Ball,19,24,,,,,,,,,221
The Clutch,,,,,,,,,,,,
Bone Crayfish,,,,,,,,,,,,
Dusk Goby,,,,,,,,,,,,
Brass Loach,,,,,,,Medium,,,,,
Maiden Carp,,,,,,,Medium,,,,,
Dark Bass,,,,,,,,,,,,
Old Softie,Bloodworm,17,21,,N/A,,,,,,,226
The Unholy Heir,,,,,,,,,,,,
Bone Crayfish,,,,,,,,,,,,
Maiden Carp,,,,,,,Medium,,,,,
Mudskipper,,,,,,,,,,,,
Mudcrab,,,,,,,,,,,,
Acorn Snail,,,,,,,,,,,,
Dark Bass,,,,,,,,,,,,
Aegis Shrimp,,,,,,,,,,,,
Dark Knight,Crow Fly,,,,"Fog, Clouds, Dust Storms",,,,,,,212
North Drybone,,,,,,,,,,,,
Dusk Goby,,,,,,,,,,,,
Mudskipper,,,,,,,,,,,,
Faerie Bass,,,,,,,,,,,,
Acorn Snail,,,,,,,,,,,,
Mudcrab,,,,,,,,,,,,
Bone Cleaner,,,,,,,,,,,,
Marrow Sucker,Syrphid Basket,20,3,,"Rain, Showers",,,,,,,227
South Drybone,,,,,,,,,,,,
Dusk Goby,,,,,,,,,,,,
Mudskipper,,,,,,,,,,,,
Faerie Bass,,,,,,,,,,,,
Acorn Snail,,,,,,,,,,,,
Mudcrab,,,,,,,,,,,,
Bone Cleaner,,,,,,,,,,,,
Mud Pilgrim,Midge Basket,17,7,,"Rain, Showers",,,,,,,225
Yugr'am River,,,,,,,,,,,,
Warmwater Trout,,,,,,,,,,,,
Black Eel,,,,,,,,,,,,
Dark Bass,,,,,,,,,,,,
Yugr'am Salmon,,,,,,,,,,,,
Mitten Crab,,,,,,,,,,,,
Trader Eel,,,,,,,,,,,,
The Warden's Wand,Honey Worm,17,20,,Clear Skies,,,,,,,254
The Burning Wall,,,,,,,,,,,,
Yugr'am Salmon,,,,,,,,,,,,
Bonytongue,,,,,,,,,,,,
Discus,,,,,,,,,,,,
Ignus Snail,,,,,,,,,,,,
Loyal Pleco,,,,,,,,,,,,
Knifefish,,,,,,,,,,,,
Southern Pike,,,,,,,,,,,,
Gigantpole,,,,,,,,,,,,
Sundisc,Caddisfly Larva,10,15,,"Clear Skies, Fair Skies",,,,,,,158
The Thousand-year Itch,Stem Borer,,,,Fog,,,,,,,278
Burnt Lizard Creek,,,,,,,,,,,,
Copperfish,Butterworm,,,,,,,,,,,
Warmwater Trout,,,,,,,,,,,,
Dark Bass,,,,,,,,,,,,
Lamprey,,,,,,,,,,,,
Plaguefish,,,,,,,,,,,,
Old Hollow Eyes,Copperfish,,,,Fog,,,,,,,247
Zahar'ak,,,,,,,,,,,,
Moat Carp,,,,,,,,,,,,
Mudcrab,,,,,,,,,,,,
Plaguefish,,,,,,,,,,,,
Clown Loach,,,,,,,,,,,,
Discus,,,,,,,,,,,,
Ignus Snail,,,,,,,,,,,,
Paglth'an Discus,Glowworm,,,,"Heat Waves, Fair Skies, Clear Skies",,,,,,,140
Discobolus,Glowworm,12,18,,Heat Waves,,,,,,,264
Forgotten Springs,,,,,,,,,,,,
Copperfish,,,,,,,,,,,,
Warmwater Trout,,,,,,,,,,,,
Lamprey,,,,,,,,,,,,
Plaguefish,,,,,,,,,,,,
Ropefish,,,,,,,,,,,,
Clown Loach,,,,,,,,,,,,
Golden Loach,,,,,,,,,,,,
Iron Noose,Spinner,,,,Fog,,,,,,,265
Sagolii Desert,,,,,,,,,,,,
Sandfish,,,,,,,,,,,,
Sand Bream,,,,,,,,,,,,
Dustfish,,,,,,,,,,,,
Storm Rider,Sand Leech,,,,,,,,,,,
Antlion Slug,,,,,,,,,,,,
Dune Manta,,,,,,,,,,,,
Sagolii Monkfish,,,,,,,,,,,,
Magic Carpet,Storm Rider,9,16,,Heat Waves,,,,,,,267
Helicoprion,Storm Rider,8,20,"Fog, Clouds",Heat Waves,,,,,,,304
Sagolii Dunes,,,,,,,,,,,,
Sand Bream,,,,,,,,,,,,
Desert Catfish,,,,,,,,,,,,
Dustfish,,,,,,,,,,,,
Storm Rider,Sand Leech,,,,,,,,,,,
Antlion Slug,,,,,,,,,,,,
Dune Manta,,,,,,,,,,,,
Caravan Eel,,,,,,,,,,,,
Olgoi-Khorkhoi,Storm Rider,,,,Heat Waves,,,,,,,266
Bluefog,,,,,,,,,,,,
Bone Crayfish,,,,,,,,,,,,
Silverfish,,,,,,,,,,,,
Giant Bass,,,,,,,,,,,,
Golden Loach,,,,,,,,,,,,
Ignus Snail,,,,,,,,,,,,
Knifefish,,,,,,,,,,,,
Common Sculpin,Spinnerbait,,,,,,,,,,,
Garpike,,,,,,,,,,,,
Alligator Garfish,,,,,,,,,,,,
Hannibal,Common Sculpin,22,4,,Fog,,,,,,,279
Ceruleum Field,,,,,,,,,,,,
Grip Killifish,,,,,,,,,,,,
Silverfish,Honey Worm,,,,,,,,,,,
Ignus Snail,,,,,,,,,,,,
Sludgeskipper,,,,,,,,,,,,
Boltfish,,,,,,,,,,,,
Ilsabardian Bass,,,,,,,,,,,,
Goldfish,,,,,,,,,,,,
Wootz Knifefish,,,,,,,,,,,,
Wootz Knifefish Zenith,Silverfish,1,4,"Clear Skies, Fair Skies",Fog,,,,,,,303
The Goblet,,,,,,,,,,,,
Brass Loach,,,,,,,Medium,,,,,
Faerie Bass,,,,,,,,,,,,
Copperfish,,,,,,,,,,,,
Eunuch Crayfish,,,,,,,,,,,,
Dark Bass,,,,,,,,,,,,
Lamprey,,,,,,,,,,,,
Silverfish,,,,,,,,,,,,
Goldfish,,,,,,,,,,,,
Spearnose,Caddisfly Larva,21,24,,"Fog, Clouds",,,,,,,255
Coerthas River,,,,,,,,,,,,
Striped Goby,,,,,,,,,,,,
Maiden Carp,,,,,,,Medium,,,,,
Rainbow Trout,,,,,,,Medium,,,,,
Seema,,,,,,,Medium,,,,,
Giant Bass,,,,,,,,,,,,
Crimson Trout,,,,,,,,,,,,
Kissing Trout,,,,,,,,,,,,
Daniffen's Mark,Wildfowl Fly,,,,Blizzards,,,,,,,268
Daniffen Pass,,,,,,,,,,,,
Striped Goby,,,,,,,,,,,,
Blindfish,,,,,,,,,,,,
Lamp Marimo,Chocobo Fly,,,,,,,,,,,74
Abalathian Smelt,Stonefly Nymph,,,,,,,,,,,
Golden Loach,,,,,,,,,,,,
Cave Cherax,,,,,,,,,,,,
Charon's Lantern,Glowworm,0,4,,N/A,,,,,,,269
The Nail,,,,,,,,,,,,
Striped Goby,,,,,,,,,,,,
Abalathian Smelt,Stonefly Nymph,,,,,,,,,,,
Giant Bass,,,,,,,,,,,,
Crimson Trout,,,,,,,,,,,,
Bronze Lake Trout,,,,,,,,,,,,
Northern Pike,,,,,,,,,,,,
Kissing Trout,,,,,,,,,,,,
Emperor Fish,,,,,,,,,,,,
Starbright,Abalathian Smelt,21,4,,"Clear Skies, Fair Skies",,,,,,,281
Dragonhead Latrines,,,,,,,,,,,,
Striped Goby,,,,,,,,,,,,
Rainbow Trout,,,,,,,Medium,,,,,
Abalathian Smelt,Stonefly Nymph,,,,,,,,,,,
Seema,,,,,,,,,,,,
Crimson Trout,,,,,,,,,,,,
Kissing Trout,,,,,,,,,,,,
Dawn Maiden,Wildfowl Fly,5,7,,"Clear Skies, Fair Skies",,,,,,,280
Exploratory Ice Hole,,,,,,,,,,,,
Lamp Marimo,Chocobo Fly,,,,,,,,,,,74
Abalathian Smelt,Stonefly Nymph,,,,,,,,,,,
Northern Pike,,,,,,,,,,,,
Kissing Trout,,,,,,,,,,,,
The Matriarch,Abalathian Smelt,,,,,,,,,,,282
The Weeping Saint,,,,,,,,,,,,
Lamp Marimo,Chocobo Fly,,,,,,,,,,,74
Abalathian Smelt,Stonefly Nymph,,,,,,,,,,,
Giant Bass,,,,,,,,,,,,
Crimson Trout,,,,,,,,,,,,
Common Sculpin,,,,,,,,,,,,
Northern Pike,,,,,,,,,,,,
Angry Pike,,,,,,,,,,,,
Darkstar,Abalathian Smelt,19,4,,"Blizzards, Snow","Lamp Marimo, 5",,,,,,305
Snowcloak,,,,,,,,,,,,
Rainbow Trout,,,,,,,Medium,,,,,
Seema,,,,,,,,,,,,
Crimson Trout,,,,,,,,,,,,
Wandering Sculpin,,,,,,,,,,,,
Blue Corpse,Caddisfly Larva,,,"Blizzards, Snow","Clear Skies, Fair Skies",,,,,,,306
Sea of Clouds,,,,,,,,,,,,
Cloud Jellyfish,,,,,,,,,,,,
Skyfish,,,,,,,,,,,,
Cloud Cutter,Hoverworm,,,,,,,,,,,
Blind Manta,,,,,,,,,,,,
Rift Sailor,,,,,,,,,,,,
Anomalocaris,Cloud Cutter,10,15,,"Clear Skies, Fair Skies",,,,,,,285
Witchdrop,,,,,,,,,,,,
Cloud Jellyfish,,,,,,,,,,,,
Skyfish,,,,,,,,,,,,
Cloud Cutter,Hoverworm,,,,,,,,,,,
Blind Manta,,,,,,,,,,,,
Rift Sailor,,,,,,,,,,,,
Saucerfish,,,,,,,,,,,,
Rhamphorhynchus,,,,,,,,,,,,
Mahar,Cloud Cutter,,,"Clear Skies, Fair Skies",Blizzards,,,,,,,307
Shonisaurus,Mahar,,,N/A,N/A,,,,,,,308
Riversmeet,,,,,,,,,,,,
Abalathian Smelt,Stonefly Nymph,,,,,,,,,,,
Coerthan Crab,,,,,,,,,,,,
Coerthan Puffer,Purse Web Spider,,,,"Snow, Blizzards",,,,,,,362
Fat Purse,Brute Leech,,,,,,,,,,,462
Greytail Falls,,,,,,,,,,,,
Cloud Coral,,,,,,,,,,,,
Skyworm,Giant Crane Fly,,,,,,,,,,,
Glacier Core,Red Balloon,,,,"Blizzards, Snow",,,,,,,324
Warballoon,Skyworm,,,,"Fair Skies, Clear Skies",,,,,,1,399
Rime Eater,Glacier Core,,,,"Snow, Blizzards",,,,,,,366
Hailfinder,Glacier Core,,,,Blizzards,,,,,,,478
Unfrozen Pond,,,,,,,,,,,,
Abalathian Smelt,Stonefly Nymph,,,,,,,,,,,
Icepick,Goblin Jig,,,,,,,,,,,314
Ice Faerie,Purse Web Spider,,,,,,,,,,,316
Sorcerer Fish,Stonefly Nymph,8,20,,,,,,,,,326
Albino Octopus,Brute Leech,8,17,,,,,,,,,396
Coerthan Clione,Brute Leech,0,2,,Blizzards,,,,,,,439
Flarefish,Ice Faerie,10,16,,Blizzards,,,,,,,479
Clearpool,,,,,,,,,,,,
Abalathian Smelt,Stonefly Nymph,,,,,,,,,,,
Ice Faerie,Purse Web Spider,,,,,,,,,,,316
Coerthan Crab,,,,,,,,,,,,
Hotrod,Brute Leech,,,,"Snow, Blizzards",,,,,,,327
Capelin,Brute Leech,0,6,,,,,,,,,437
Priestfish,,,,,,,,,,,,
Ghost Faerie,,,,,,,,,,,,
Bishopfish,Brute Leech,10,14,"Snow, Blizzards, Fog",Clear Skies,,,,,,1,489
Charibenet,Ice Faerie,0,3,,Blizzards,"Ice Faerie, 5",,,,,,504
Dragonspit,,,,,,,,,,,,
Ogre Horn Snail,,,,,,,,,,,,
Cherry Trout,,,,,,,,,,,,
Hospitalier Fish,,,,,,,,,,,,
Spring Urchin,Brute Leech,,,,,,,,,1,,
The Impaler,Brute Leech,,,,,,,Precision,,1,,463
South Banepool,,,,,,,,,,,,
Abalathian Smelt,Stonefly Nymph,,,,,,,,,,,
Icepick,Goblin Jig,,,,,,,Precision,,,,314
Ice Faerie,Purse Web Spider,,,,,,,,,,,316
Lake Urchin,,,,,,,,,,,,
Ammonite,,,,,,,,,,,,
Seema Patrician,Stonefly Nymph,,,,,,,,,,,
Fanged Clam,Ice Faerie,,,,,,,,,,,
Mountain Kraken,Brute Leech,,,,N/A,,,,,,1,459
Magic Bucket,Brute Leech,,,,,,,,,1,,461
Captain Nemo,Brute Leech,,,,Blizzards,,,,,,,490
Ashpool,,,,,,,,,,,,
Abalathian Smelt,Stonefly Nymph,,,,,,,,,,,
Ice Faerie,Purse Web Spider,,,,,,,,,,,316
Fanged Clam,Goblin Jig,,,,,,,,,,,
Lake Urchin,Stonefly Nymph,,,,,,,,,1,,
Gigant Grouper,Abalathian Smelt,,,,,,,,,,,
Battle Galley,Ice Faerie,,,,,,,,,,,
Northern Oyster,Stonefly Nymph,,,,,,,,,,,
La Reale,Brute Leech,,,,,,,,,,,464
West Banepool,,,,,,,,,,,,
Fanged Clam,,,,,,,,,,,,
Lake Urchin,,,,,,,,,,,,
Ice Faerie,Purse Web Spider,,,,,,,,,,,316
Mercy Staff,Brute Leech,,,,"Snow, Blizzards",,,,,,,365
Snowcaller,Brute Leech,,,,"Snow, Blizzards",,,,,,,363
Coerthan Oyster,Brute Leech,,,,,,,,,1,,457
Merciless,Ice Faerie,,,"Snow, Blizzards",Blizzards,,,,,,1,488
North Silvertear,,,,,,,,,,,,
Lamp Marimo,Chocobo Fly,,,,,,,,,,,74
Silverfish,,,,,,,,,,,,
Ignus Snail,Glowworm,,,,,,,,,,,
Sludgeskipper,Glowworm,,,,,,,,,,,
Assassin Betta,Glowworm,,,,,,,,,,,
Ilsabardian Bass,Glowworm,,,,,,,,,,,
Goldfish,,,,,,,,,,,,
Heliobatis,Caddisfly Larva,17,9,,,,,,,,,178
Aetherlouse,Glowworm,3,13,,Gloom,,,,,,,287
The Deep Tangle,,,,,,,,,,,,
Ala Mhigan Fighting Fish,,,,,,,Light,,,,,
Dark Bass,,,,,,,,,,,,
Mitten Crab,,,,,,,,,,,,
Giant Bass,,,,,,,,,,,,
Ignus Snail,,,,,,,,,,,,
Knifefish,,,,,,,,,,,,
Boxing Pleco,Glowworm,,,,,,,,,,,141
Monke Onke,,,,,,,,,,,,
Ignus Horn,Glowworm,,,Gloom,"Clear Skies, Fair Skies",,,,,,,294
Singing Shards,,,,,,,,,,,,
Mudcrab,,,,,,,,,,,,
Lamp Marimo,Chocobo Fly,,,,,,,,,,,74
Bonytongue,,,,,,,,,,,,
Silverfish,Honey Worm,,,,,,,,,,,
Giant Bass,,,,,,,,,,,,
Knifefish,,,,,,,,,,,,
Garpike,,,,,,,,,,,,
Ilsabardian Bass,,,,,,,,,,,,
Blood Red Bonytongue,Silverfish,4,12,"Clear Skies, Fair Skies",Fog,,,,,,,312
Rathefrost,,,,,,,,,,,,
Lamp Marimo,Chocobo Fly,,,,,,,,,,,74
Silverfish,,,,,,,,,,,,
Giant Bass,,,,,,,,,,,,
Ignus Snail,,,,,,,,,,,,
Knifefish,,,,,,,,,,,,
Assassin Betta,,,,,,,,,,,,
Ilsabardian Bass,,,,,,,,,,,,
Goldfish,,,,,,,,,,,,
Poxpike,,,,,,,,,,,,
Void Bass,Glowworm,,,"Clear Skies, Fair Skies",Gloom,,,,,,,295
The Tangle,,,,,,,,,,,,
Bone Crayfish,,,,,,,,,,,,
Ala Mhigan Fighting Fish,Midge Basket,,,,,,Light,,,,,
Silverfish,,,,,,,,,,,,
Sludgeskipper,,,,,,,,,,,,
Assassin Betta,Ala Mhigan Fighting Fish,,,,,,,,,,,
Boltfish,,,,,,,,,,,,
Ilsabardian Bass,,,,,,,,,,,,
Cadaver Carp,Rainbow Spoon Lure,,,,Gloom,,,,,,,167
Ninja Betta,Assassin Betta,18,9,,Gloom,,,,,,,297
The North Shards,,,,,,,,,,,,
Lamp Marimo,Chocobo Fly,,,,,,,,,,,74
Silverfish,Honey Worm,,,,,,,,,,,
Giant Bass,,,,,,,,,,,,
Ignus Snail,,,,,,,,,,,,
Assassin Betta,Silverfish,,,,,,,,,,,
Ilsabardian Bass,,,,,,,,,,,,
Goldfish,Silverfish,,,,,,,,,,,
Morinabaligi,,,,,,,,,,,,
Canavan,Goldfish,8,18,,Gloom,,,,,,,298
Kuno the Killer,Assassin Betta,N/A,N/A,,N/A,"Canavan, 1",,,,,,299
Voor Sian Siran,,,,,,,,,,,,
Hedgemole Cricket,Stonefly Nymph,,,,,,,,,,,357
Cloudfish,,,,,,,,,,,,
Bullfrog,Bladed Steel Jig,,,,,,,,,,,
Maiboi,,,,,,,,,,,,
Bubble Eye,Stonefly Nymph,10,18,,,,,,,,,339
Caiman,Bullfrog,18,21,,,,,,,,,402
Inkfish,Brute Leech,14,16,,,,,,,,1,471
The Eddies,,,,,,,,,,,,
Hedgemole Cricket,Stonefly Nymph,,,,,,,,,,,357
Cloudfish,,,,,,,,,,,,
Bullfrog,Bladed Steel Jig,,,,,,,,,,,
Yalm Lobster,,,,,,,,,,,,
Vanuhead,Bladed Steel Jig,,,,"Clear Skies, Fair Skies",,,,,,,349
Catkiller,Brute Leech,,,,"Fair Skies, Clear Skies",,,,,,,429
Red Sky Coral,,,,,,,,,,,,
Paikiller,Bullfrog,8,12,Fog,Clear Skies,,,,,,,491
Cloudtop,,,,,,,,,,,,
Starflower,Red Balloon,,,,"Fair Skies, Clear Skies",,,,,,,323
Buoyant Oviform,,,,,,,,,,,,
Mahu Wai,,,,,,,,,,,,
Mitre Slug,,,,,,,,,,,,
Blue Cloud Coral,,,,,,,,,,,,
Fleece Stingray,Giant Crane Fly,,,,"Fair Skies, Clear Skies",,,,,,,453
Cirrostratus,Giant Crane Fly,10,13,,"Fair Skies, Clear Skies",,,,,,,483
The Blue Window,,,,,,,,,,,,
Buoyant Oviform,,,,,,,,,,,,
Sky Faerie,Red Balloon,,,,,,,,,,,353
Whiteloom,,,,,,,,,,,,
Storm Core,Red Balloon,,,,"Clouds, Fog, Wind",,,,,,,346
Winged Gurnard,,,,,,,,,,,,
Sky Sweeper,,,,,,,,,,,,
Tornado Shark,,,,,,,,,,,,
The Second One,Giant Crane Fly,,,,Wind,,,,,,,472
Mok Oogl Island,,,,,,,,,,,,
Starflower,Red Balloon,,,,"Fair Skies, Clear Skies",,,,,,,323
Sky Faerie,Red Balloon,,,,,,,,,,,353
Scorpionfly,Giant Crane Fly,,,,,,,,,,,410
Moogle Spirit,Giant Crane Fly,,,,N/A,,,,,,,414
Vampiric Tapestry,Giant Crane Fly,,,,,,,,,,,434
Heavens Coral,Giant Crane Fly,0,5,,"Clear Skies, Fair Skies",,,,,1,,441
Basking Shark,Sky Faerie,,,Fog,Clear Skies,,,,,,,476
Sea Butterfly,Giant Crane Fly,5,7,,Clear Skies,"Scorpionfly, 3, Sky Faerie, 3",,,,,,503
Alpha Quadrant,,,,,,,,,,,,
Platinum Fish,Fiend Worm,,,,,,,,,,,
Bullwhip,,,,,,,,,,,,
Blood Skipper,Fiend Worm,,,,Thunder,,,,,,,412
High Allagan Helmet,,,,,,,,,,,,
Augmented High Allagan Helmet,Platinum Fish,,,,,,,,,,,473
Aetherochemical Spill,,,,,,,,,,,,
Platinum Fish,Fiend Worm,,,,,,,,,,,
Bullwhip,,,,,,,,,,,,
Blood Skipper,Fiend Worm,,,,Thunder,,,,,,,412
Aetherochemical Compound #123,,,,,,,,,,,,
Proto-hropken,,,,,,,,,,,,
Aetherochemical Compound #666,Platinum Fish,,,,,,,,,,1,485
Hyperstellar Downconverter,,,,,,,,,,,,
Platinum Fish,Fiend Worm,,,,,,,,,,,
Azysfish,,,,,,,,,,,,
Oil Eel,Platinum Fish,,,,Thunder,,,,,,,415
Mucous Minnow,,,,,,,,,,,,
Oliphant's Trunk,Fiend Worm,18,23,,Thunder,,,,,,,458
Ceti,Fiend Worm,18,22,Clouds,Thunder,,,,,,1,492
Delta Quadrant,,,,,,,,,,,,
Fountfish,,,,,,,,,,,,
Rockclimber,,,,,,,,,,,,
Aether Eye,Purse Web Spider,,,,,,,,,,,
Yalm Lobster,,,,,,,,,,,,
Euphotic Pirarucu,Brute Leech,18,2,,Clouds,,,,,,,403
Aphotic Pirarucu,Aether Eye,22,2,,Clouds,,,,,,,474
The Pappus Tree,,,,,,,,,,,,
Fountfish,,,,,,,,,,,,
Crystalfin,,,,,,,,,,,,
Aether Eye,Purse Web Spider,,,,,,,,,,,
Lungfish,Brute Leech,,,,Clouds,,,,,,,351
Tiny Axolotl,Brute Leech,21,24,,,,,,,,,374
Hundred-eyed Axolotl,Aether Eye,6,10,,,,,,,,,486
The Habisphere,,,,,,,,,,,,
Sky Faerie,Red Balloon,,,,,,,,,,,353
Rudderfish,Giant Crane Fly,,,,,,,,,,,405
Unidentified Flying Biomass,,,,,,,,,,,,
Bomb Puffer,,,,,,,,,,,,
Sky Sweeper,,,,,,,,,,,,
Tupuxuara,Red Balloon,15,18,,,,,,,,,433
Stupendemys,Rudderfish,,,,,,,,,,,425
Cobrafish,,,,,,,,,,,,
Crystal Pigeon,Rudderfish,,,Fair Skies,Thunder,,,,,,1,493
The Flagship,,,,,,,,,,,,
Platinum Fish,Fiend Worm,,,,,,,,,,,
Azysfish,,,,,,,,,,,,
Oil Eel,Platinum Fish,,,,Thunder,,,,,,,415
Jeweled Jellyfish,Platinum Fish,20,3,,N/A,,,,,,,416
Barreleye,Platinum Fish,,,,Thunder,,,,,,1,427
Functional Proto-hropken,Platinum Fish,,,,Thunder,,,,,,1,438
Allagan Bladeshark,Platinum Fish,,,Clouds,Thunder,,,,,,,477
Opabinia,Platinum Fish,,,Thunder,Thunder,"Functional Proto-hropken, 3",,,,,,501
The Hundred Throes,,,,,,,,,,,,
Whilom Catfish,Goblin Jig,,,,,,,,,,,321
Pipira Pira,Goblin Jig,,,,"Dust Storms, Fog, Clouds",,,,,,,341
Blueclaw Shrimp,,,,,,,,,,,,
Grass Carp,Bladed Steel Jig,,,,"Dust Storms, Clouds, Fog",,,,,,,340
Shadowhisker,,,,,,,,,,,,
Dravanian Smelt,Brute Leech,,,,,,,,,,,440
River Shrimp,Brute Leech,,,,,,Light,,,,,
Scaleripper,Brute Leech,,,,"Dust Storms, Fog, Clouds",,,,,,,465
Whilom River,,,,,,,,,,,,
Whilom Catfish,Goblin Jig,,,,,,,,,,,321
Rock Mussel,Stonefly Nymph,,,,,,,,,1,,333
Pipira Pira,Goblin Jig,,,,"Dust Storms, Fog, Clouds",,,,,,,341
Three-lip Carp,,,,,,,,,,,,
Blueclaw Shrimp,Stonefly Nymph,,,,,,,,,,,
Dravanian Bass,Blueclaw Shrimp,0,6,,"Dust Storms, Clouds, Fog",,,,,,,361
Twin-tongued Carp,Brute Leech,12,16,"Clouds, Dust Storms",Clear Skies,,,,,,,480
The Smoldering Wastes,,,,,,,,,,,,
Whilom Catfish,Goblin Jig,,,,,,,,,,,321
Rock Mussel,Stonefly Nymph,,,,,,,,,1,,333
Blueclaw Shrimp,,,,,,,,,,,,
Three-lip Carp,,,,,,,,,,,,
Warmwater Bichir,Purse Web Spider,21,3,,,,,,,,,367
Marble Oscar,,,,,,,,,,,,
The Dreamweaver,Brute Leech,22,2,,"Dust Storms, Fog, Clouds",,,,,,,466
The Iron Feast,,,,,,,,,,,,
Pipira Pira,Goblin Jig,,,,"Dust Storms, Fog, Clouds",,,,,,,341
Blueclaw Shrimp,Stonefly Nymph,,,,,,,,,,,
Dragonhead,,,,,,,,,,,,
Caiman,Blueclaw Shrimp,18,21,,,,,,,,,402
Thunderbolt Eel,Blueclaw Shrimp,22,4,,,,,,,,,428
Amber Salamander,Brute Leech,6,12,,,,,,,,,451
Thunderscale,Blueclaw Shrimp,6,8,"Clouds, Dust Storms",Thunder,,,,,,,494
Mourn,,,,,,,,,,,,
Lava Crab,,,,,,,,,,,,
Granite Crab,Magma Worm,,,,,,,,,,,
Cindersmith,,,,,,,,,,,,
Cometoise,,,,,,,,,,,,
Oven Catfish,,,,,,,,,,,,
Meteortoise,Granite Crab,,,,N/A,,,,,,,467
West Mourn,,,,,,,,,,,,
Granite Crab,,,,,,,,,,,,
Aithon's Colt,,,,,,,,,,,,
Magma Tree,,,,,,,,,,,,
Cindersmith,,,,,,,,,,,,
Black Magefish,,,,,,,,,,,,
Hraesvelgr's Tear,Magma Worm,2,6,,,,,,,,1,484
Anyx Old,,,,,,,,,,,,
Lava Crab,,,,,,,,,,,,
Granite Crab,Magma Worm,,,,,,,,,,,
Cindersmith,,,,,,,,,,,,
Aithon's Colt,,,,,,,,,,,,
Cometoise,,,,,,,,,,,,
Magma Louse,Granite Crab,18,5,,,,,,,,1,386
Riddle,Granite Crab,8,16,Clear Skies,Clear Skies,,,,,,1,495
Halo,,,,,,,,,,,,
Granite Crab,Magma Worm,,,,,,,,,,,
Magma Tree,,,,,,,,,,,,
Cometoise,,,,,,,,,,,,
Fossiltongue,Granite Crab,,,,,,,,,,1,400
Lavalord,Granite Crab,10,16,,"Heat Waves, Clear Skies, Fair Skies",,,,,,1,432
Lava Snail,,,,,,,,,,,,
The Lord of Lords,Granite Crab,8,16,,"Clear Skies, Fair Skies",,,,,,1,496
Problematicus,Granite Crab,10,15,,"Clear Skies, Fair Skies","Fossiltongue, 3, Granite Crab, 5",,,,,,500
Thaliak River,,,,,,,,,,,,
Hedgemole Cricket,Stonefly Nymph,,,,,,,,,,,357
Sweetfish,Goblin Jig,,,,,,,,,,,
Philosopher's Stone,,,,,,,,,,,,
Shipworm,,,,,,,,,,,,
Autumn Leaf,,,,,,,,,,,,
Illuminati Perch,Hedgemole Cricket,,,,,,,,,,,404
Hinterlands Perch,,,,,,,,,,,,
The Ewer King,Sweetfish,,,,,,,,,,,468
Quickspill Delta,,,,,,,,,,,,
Blueclaw Shrimp,,,,,,,,,,,,
Bullfrog,,,,,,,,,,,,
Hedgemole Cricket,Purse Web Spider,,,,,,,,,,,357
Yalm Lobster,,,,,,,,,,,,
Orn Butterfly,,,,,,,,,,,,
Tigerfish,,,,,,,,,,,,
Gnomefish,Brute Leech,,,,N/A,,,,,,,452
Madam Butterfly,Hedgemole Cricket,21,2,,Clear Skies,,,,,,,481
Upper Thaliak River,,,,,,,,,,,,
Hedgemole Cricket,Stonefly Nymph,,,,,,,,,,,357
Scholar Sculpin,,,,,,,,,,,,
Sweetfish,,,,,,,,,,,,
Shipworm,,,,,,,,,,,,
Yalm Lobster,,,,,,,,,,,,
Loosetongue,Brute Leech,7,20,,,,,,,,,430
Armored Catfish,Brute Leech,,,,"Fog, Clouds",,,,,,,460
Thavnairian Leaf,,,,,,,,,,,,
The Speaker,Hedgemole Cricket,,,"Clouds, Fog",Showers,,,,,,,497
Armor Fish,Purse Web Spider,1,4,,Clear Skies,"Hedgemole Cricket, 6",,,,,,502
Middle Thaliak River,,,,,,,,,,,,
Philosopher's Stone,,,,,,,,,,,,
Scholar Sculpin,,,,,,,,,,,,
Sweetfish,Goblin Jig,,,,,,,,,,,
Hedgemole Cricket,Stonefly Nymph,,,,,,,,,,,357
Bullfrog,Bladed Steel Jig,,,,,,,,,,,
Thaliak Caiman,Bullfrog,15,18,,,,,,,,,431
Berserker Betta,Brute Leech,,,,"Clear Skies, Fair Skies",,,,,,,436
Goblin Bass,Brute Leech,0,5,,"Clouds, Fog",,,,,,1,443
Bobgoblin Bass,Sweetfish,2,6,Rain,Showers,,,,,,,487
Eil Tohm,,,,,,,,,,,,
Cloudfish,,,,,,,,,,,,
Lamp Marimo,Chocobo Fly,,,,,,,,,,,74
Kissing Fish,Stonefly Nymph,9,2,,,,,,,,,343
Noontide Oscar,Brute Leech,N/A,N/A,,,,,,,,,368
Vidofnir,Brute Leech,8,10,,,,,,,,,469
Greensward,,,,,,,,,,,,
Mogpom,,,,,,,,,,,,
Moggle Mogpom,Brute Leech,10,13,Gales,Clear Skies,,,,,,,482
Weston Waters,,,,,,,,,,,,
Cloudfish,,,,,,,,,,,,
Dravanian Squeaker,Stonefly Nymph,16,19,,,,,,,,,342
Weston Bowfin,Goblin Jig,8,12,,,,,,,,,392
Hundred Fin,,,,,,,,,,,,
Lovers' Clam,Bladed Steel Jig,,,,,,Light,,,,,
Thousand Fin,Brute Leech,,,Clouds,Gales,,,,,,1,498
Landlord Colony,,,,,,,,,,,,
Sky Faerie,Red Balloon,,,,,,,,,,,353
Gloaming Coral,,,,,,,,,,,,
Cloud Rider,,,,,,,,,,,,
Blue Medusa,,,,,,,,,,,,
Letter Puffer,,,,,,,,,,,,
Dragon's Soul,,,,,,,,,,,,
Sunsail,Giant Crane Fly,15,17,,"Clear Skies, Fair Skies",,,,,,,442
The Soul of the Martyr,Giant Crane Fly,4,6,,"Clear Skies, Fair Skies",,,,,,,470
Sohm Al Summit,,,,,,,,,,,,
Sky Faerie,Red Balloon,,,,,,,,,,,353
Gloaming Coral,,,,,,,,,,,,
Cloud Rider,,,,,,,,,,,,
Rudderfish,Giant Crane Fly,,,,,,,,,,,405
Gobbie Mask,,,,,,,,,,,,
Star Faerie,,,,,,,,,,,,
Pteranodon,Giant Crane Fly,9,17,,,,,,,,,421
Dimorphodon,Rudderfish,,,Clear Skies,Gales,,,,,,1,475
Tharl Oom Khash,,,,,,,,,,,,
Sky Faerie,Red Balloon,,,,,,,,,,,353
Cloud Rider,,,,,,,,,,,,
Rudderfish,Giant Crane Fly,,,,,,,,,,,405
Manasail,Rudderfish,10,14,,"Clear Skies, Fair Skies",,,,,,,384
Brown Bolo,Red Balloon,,,,Clouds,,,,,,,389
Cobrafish,,,,,,,,,,,,
Storm Chaser,Giant Crane Fly,,,,,,,,,,,435
Nyctosaur,,,,,,,,,,,,
Bloodchaser,Giant Crane Fly,,,Clear Skies,Gales,,,,,,1,499
Raimdellopterus,Rudderfish,6,8,,Gales,"Rudderfish, 5",,,,,,505
Diadem Grotto,,,,,,,,,,,,
Thunderbolt Eel,Brute Leech,22,4,,,,,,,,,428
Noontide Oscar,Brute Leech,N/A,N/A,,,,,,,,,368
Goldsmith Crab,Bladed Steel Jig,,,,,,,,,,,450
Crown Trout,Stonefly Nymph,,,,,,,,,,,447
Retribution Staff,Purse Web Spider,,,,,,,,,,,448
Southern Diadem Lake,,,,,,,,,,,,
Maiboi,,,,,,,,,,,,
Bullfrog,,,,,,,,,,,,
Cloudfish,,,,,,,,,,,,
Yalm Lobster,,,,,,,,,,,,
Goldsmith Crab,Bladed Steel Jig,,,,,,,,,,,450
Crown Trout,Stonefly Nymph,,,,,,,,,,,447
Retribution Staff,Purse Web Spider,,,,,,,,,,,448
Northern Diadem Lake,,,,,,,,,,,,
Cloudfish,,,,,,,,,,,,
Crown Trout,Stonefly Nymph,,,,,,,,,,,447
Retribution Staff,Purse Web Spider,,,,,,,,,,,448
Calm Cloudtop,,,,,,,,,,,,
Mahu Wai,,,,,,,,,,,,
Whiteloom,,,,,,,,,,,,
Blue Cloud Coral,,,,,,,,,,,,
Mitre Slug,,,,,,,,,,,,
Eurhinosaur,Giant Crane Fly,,,,,,,,,,,445
Gem Marimo,Giant Crane Fly,,,,,,,,,,,446
Pterodactyl,Giant Crane Fly,,,,,,,,,,,444
Swirling Cloudtop,,,,,,,,,,,,
Vampiric Tapestry,Giant Crane Fly,,,,,,,,,,,434
Moogle Spirit,Giant Crane Fly,,,,N/A,,,,,,,414
Eurhinosaur,Giant Crane Fly,,,,,,,,,,,445
Pterodactyl,Giant Crane Fly,,,,,,,,,,,444
Blustery Cloudtop,,,,,,,,,,,,
Buoyant Oviform,,,,,,,,,,,,
Mahu Wai,,,,,,,,,,,,
Mitre Slug,,,,,,,,,,,,
Blue Cloud Coral,,,,,,,,,,,,
Pterodactyl,Giant Crane Fly,,,,,,,,,,,444
Upper Mirage Creek,,,,,,,,,,,,
Abalathian Bitterling,Salmon Roe,,,,,,,,,,,514
Broken Crab,Salmon Roe,,,,,,,,,,,517
Gyr Abanian Trout,Midge Larva,,,,,,,,,,,531
Miounnefish,Gyr Abanian Trout,,,,"Clouds, Fog",,,,,,,518
Bloodsipper,Gyr Abanian Trout,,,,,,,,,,,532
Hookstealer,Gyr Abanian Trout,,,,,,,,,,,
Rhalgr's Reach,,,,,,,,,,,,
Golden Cichlid,Salmon Roe,,,,,,,,,,,513
Temple Carp,Salmon Roe,,,,,,,,,,,519
Gyr Abanian Trout,Midge Larva,,,,,,,,,,,531
Monk Betta,Gyr Abanian Trout,,,,,,,,,,,533
Electric Catfish,Midge Larva,,,,,,,,,,,548
Pagan Pirarucu,Gyr Abanian Trout,,,,,,,,,,,566
Watcher Catfish,Gyr Abanian Trout,,,,Thunder,,,,,,,
The Outer Fist,,,,,,,,,,,,
Comet Minnow,,,,,,,,,,,,
Balloon Frog,Salmon Roe,,,,,,,,,,,520
Lantern Marimo,,,,,,,,,,,,
Bloodsipper,Salmon Roe,,,,,,,,,,,532
Gilfish,,,,,,,,,,,,
Redtail,Balloon Frog,,,,"Clouds, Fog",,,,,,,
Bloodtail Zombie,Balloon Frog,8,12,,Clouds,,,,,,,
Timmon Beck,,,,,,,,,,,,
Steelhead Trout,,,,,,,,,,,,
Miounnefish,Suspending Minnow,,,,"Clouds, Fog",,,,,,,518
Balloon Frog,Salmon Roe,,,,,,,,,,,520
Death Loach,Salmon Roe,,,,,,,,,,,549
Gyr Abanian Chub,Salmon Roe,,,,,,,,,,,
Hardhead Trout,Stonefly Larva,16,20,,,,,,,,,
Xenacanthus,Hardhead Trout,,,,,,,,,,,
Dimwold,,,,,,,,,,,,
Miounnefish,Stonefly Larva,,,,"Clouds, Fog",,,,,,,518
Bone Melter,Salmon Roe,,,,,,,,,,,524
Fallen Leaf,Suspending Minnow,,,,,,,,,,,525
Padjali Loach,Salmon Roe,,,,,,,,,,,530
Cave Killifish,Suspending Minnow,,,,,,,,,,,553
Wraithfish,Stonefly Larva,0,4,,Fog,,,,,,1,635
Chakrafish,Salmon Roe,,,,,,,,,,,
Sapphire Fan,Stonefly Larva,,,,Thunder,,,,,,,761
The Comet's Tail,,,,,,,,,,,,
Bone Melter,Salmon Roe,,,,,,,,,,,524
Falling Star,Salmon Roe,,,,"Clouds, Fog",,,,,,,535
Capsized Squeaker,Salmon Roe,,,,,,,,,,,536
Nirvana Crab,Salmon Roe,,,,"Clouds, Fog",,,,,,,537
Cardinalfish,Suspending Minnow,20,24,,Fog,,,,,,,735
Lake Sphairai,Salmon Roe,,,,,,,,,,,762
The Archbishop,Suspending Minnow,12,16,,,,,,,,,
The Velodyna River,,,,,,,,,,,,
Velodyna Grass Carp,Nightcrawler,,,,,,,,,,,526
Greenstream Loach,Salmon Roe,,,,,,,,,,,528
Bloodsipper,Salmon Roe,,,,,,,,,,,532
Black Velodyna Carp,Salmon Roe,,,,,,,,,,,568
Deep Velodyna Carp,Salmon Roe,,,,,,,,,,,5000
Velodyna Salmon,Nightcrawler,,,,,,,,,,,
Downstream Loach,Stonefly Larva,,,,Fog,,,,,,,
Mirage Creek,,,,,,,,,,,,
Highland Perch,Salmon Roe,,,,,,,,,,,527
Mirage Chub,Salmon Roe,,,,,,,,,,,529
Gravel Gudgeon,Salmon Roe,,,,,,,,,,,538
Rhalgr's Bolt,Salmon Roe,,,,,,,,,,,554
Mirage Mahi,Stonefly Larva,4,8,,,,,,,,,747
Corpse Chub,Suspending Minnow,20,24,,Clear Skies,,,,,,,
Grymm & Enid,,,,,,,,,,,,
Death Loach,Salmon Roe,,,,,,,,,,,549
Grymm Crab,Nightcrawler,,,,,,,,,,,550
Enid Shrimp,Nightcrawler,,,,,,,,,,,567
Curefish,Salmon Roe,,,,,,,,,,,
Bondsplitter,Suspending Minnow,,,,Dust Storms,,,,,,,763
Drepanaspis,Suspending Minnow,,,,,"Bondsplitter, 2",,,,,,
The Slow Wash,,,,,,,,,,,,
Idle Goby,Salmon Roe,,,,,,,,,,,515
Rapids Jumper,Nightcrawler,,,,,,,,,,,522
Gyr Abanian Trout,Midge Larva,,,,,,,,,,,531
Heather Charr,Suspending Minnow,,,,,,,,,,,547
Death Loach,Salmon Roe,,,,,,,,,,,549
Invisible Crayfish,Nightcrawler,,,,,,,,,,,551
The Undecided,Gyr Abanian Trout,8,12,,,,,,,,,764
Heather Falls,,,,,,,,,,,,
Adamantite Bichir,Suspending Minnow,,,,,,,,,,,523
Death Loach,Salmon Roe,,,,,,,,,,,549
Abalathian Salamander,Suspending Minnow,,,,,,,,,,,552
Steelshark,Suspending Minnow,,,,Clear Skies,,,,,,,627
Purple Buckler,Midge Larva,,,,,,,,,,,
The Last Tear,Salmon Roe,,,Fog,Fair Skies,,,,,,,
The Ephor,,,,,,,,,,,,
Heather Charr,Suspending Minnow,,,,,,,,,,,547
Meditator,Suspending Minnow,,,,,,,,,,,612
Stonytongue,Suspending Minnow,,,,,,,,,,,613
Deemster,Stonefly Larva,,,,Wind,,,,,,,631
Moksha,Suspending Minnow,N/A,N/A,"Clouds, Wind, Fog, Dust Storms",Clear Skies,,,,,,,
The Bull's Bath,,,,,,,,,,,,
Death Loach,Salmon Roe,,,,,,,,,,,549
Invisible Crayfish,Nightcrawler,,,,,,,,,,,551
Bull's Bite,Midge Larva,,,,"Clouds, Wind, Fog, Dust Storms",,,,,,,600
Peeping Pisces,Midge Larva,,,,,,,,,,,601
Meditator,Suspending Minnow,,,,,,,,,,,612
Alligator Snapping Turtle,Suspending Minnow,,,,"Clear Skies, Fair Skies",,,,,,,
Hemon,Suspending Minnow,16,20,,Clouds,,,,,,,
The Arms of Meed,,,,,,,,,,,,
Gyr Abanian Trout,Midge Larva,,,,,,,,,,,531
Gigant Bass,Stonefly Larva,,,,,,,,,,,602
Eastern Pike,Suspending Minnow,,,,"Clear Skies, Fair Skies",,,,,,,607
Scimitarfish,Suspending Minnow,,,,,,,,,,,614
Ala Mhigan Ribbon,Suspending Minnow,,,,,,,,,,,619
Rockfish,Suspending Minnow,12,16,,"Clouds, Wind, Fog, Dust Storms",,,,,1,,
Lily of the Veil,Suspending Minnow,,,Clear Skies,Fair Skies,,,,,,,
Loch Seld,,,,,,,,,,,,
Rock Saltfish,Silkworm,,,,,,,,,,,608
Saltshield Snapper,Silkworm,,,,,,,,,,,611
Whitehorse,Silkworm,,,,,,,,,,,624
Pearl-eye,Rock Saltfish,,,,,,,,,,,626
Sculptor,Rock Saltfish,12,18,,Thunderstorms,,,,,,1,625
Saltmill,Rock Saltfish,,,,"Clouds, Fog",,,,,,,
Diamond-eye,Rock Saltfish,,,,Clear Skies,,,,,,,765
Stethacanthus,Rock Saltfish,,,,,"Sculptor, 2",,,,,,
The Ruby Price,,,,,,,,,,,,
Grinning Anchovy,Live Shrimp,,,,,,,,,,,539
Glass Herring,Live Shrimp,,,,,,,,,,,540
Coeurl Snake Eel,Live Shrimp,,,,,,,,,,,546
Coral Horse,Live Shrimp,,,,,,,,,,,
Ku'er,Blue Bobbit,0,8,Thunder,Clouds,,,,,,,
The Ruby Dragon,,,,,,,,,,,,
Hells' Lid,,,,,,,,,,,,
Grinning Anchovy,Live Shrimp,,,,,,,,,,,539
Hellyfish,Live Shrimp,,,,,,,,,,,541
Ruby Shrimp,Live Shrimp,,,,,,,,,,,545
Blockhead,Ruby Shrimp,,,,,,,,,,,615
Liopleurodon,Ruby Shrimp,,,,Thunder,,,Powerful,,,,618
Ukiki,Blue Bobbit,8,12,,Wind,,,,,,,
Shrieker,Ruby Shrimp,,,,,,,,,,,
Wicked Wartfish,Bream Lure,,,,,,,,,,,
The Vegetarian,Ruby Shrimp,20,24,,Thunder,,,,,,,
The Isle of Bekko,,,,,,,,,,,,
Grinning Anchovy,Live Shrimp,,,,,,,,,,,539
Hellyfish,Live Shrimp,,,,,,,,,,,541
Ruby Shrimp,Live Shrimp,,,,,,,,,,,545
Dafu,Ruby Shrimp,,,,,,,,,,,556
Glass Tuna,Ruby Shrimp,,,,,,,,,,,605
Tawny Wench Shark,Ruby Shrimp,10,16,,Clear Skies,,,,,,1,609
Usuginu Octopus,Live Shrimp,,,,,,,,,,,22393
Seven Stars,Blue Bobbit,10,16,Thunder,Fair Skies,,,,,,,24883
Shoal Rock,,,,,,,,,,,,
Grinning Anchovy,Live Shrimp,,,,,,,,,,,539
Ruby Coral,Live Shrimp,,,,,,,,,1,,542
Sapphire Coral,Live Shrimp,,,,,,,,,1,,543
Bone Coral,Live Shrimp,,,,,,,,,1,,544
Butterfly Fish,Blue Bobbit,,,,,,,,,,,555
Harutsuge,Blue Bobbit,,,,,,,Precision,,,,628
Harutsuge Sprag,Live Shrimp,,,,,,,Precision,,,,5001
Ruby Laver,Live Shrimp,,,,,,,,,,,
The Winter Queen,Blue Bobbit,16,20,,,,,,,,,768
Onokoro,,,,,,,,,,,,
Ruby Shrimp,Live Shrimp,,,,,,,,,,,545
Leaf Tatsunoko,Ruby Shrimp,,,,,,,,,,,557
Glass Flounder,Ruby Shrimp,,,,,,,,,,,558
Blackfin Snake Eel,Ruby Shrimp,,,,,,,,,,,621
Swordfish,Blue Bobbit,8,16,,"Clouds, Wind",,,Powerful,,,1,632
Giant Plesiosaur,Live Shrimp,,,,,,,Powerful,,,,5003
Argonautica,Ruby Shrimp,,,,Wind,,,,,,,
Isari,,,,,,,,,,,,
Glass Herring,Live Shrimp,,,,,,,,,,,540
Gliding Fish,Bream Lure,,,,,,,,,,,559
Globefish,Live Shrimp,,,,,,,,,,,560
Fan Clam,Live Shrimp,,,,,,,,,1,,561
Ruby Meagre,Bream Lure,,,,,,,,,,,563
Triplespine,Blue Bobbit,5,7,,,,,,,,,748
Shirogane Clam,Live Shrimp,,,,,,,,,,,
Pinhead,Live Shrimp,16,24,,Thunder,,,,,,,
The Isle of Zekki,,,,,,,,,,,,
Ruby Shrimp,Live Shrimp,,,,,,,,,,,545
Daio Squid,Ruby Shrimp,,,,,,,Powerful,,,,603
Koromo Octopus,Ruby Shrimp,,,,,,,Powerful,,,,604
Zekki Grouper,Ruby Shrimp,,,,,,,,,,,610
Zekki Gator,Ruby Shrimp,,,,,,,,,,,634
Rakshasa,Ruby Shrimp,,,,Thunder,,,,,,,769
The Heron's Nest,,,,,,,,,,,,
Doman Trout,Nightcrawler,,,,,,,,,,,571
Doman Crayfish,Nightcrawler,,,,,,,,,,,575
Maiden's Heart,Nightcrawler,,,,,,,,,,,
Pomegranate Trout,Nightcrawler,,,,Rain,,,,,,,
The Heron's Way,,,,,,,,,,,,
River Barramundi,Nightcrawler,,,,,,,,,,,564
Doman Trout,Nightcrawler,,,,,,,,,,,571
Doman Crayfish,Nightcrawler,,,,,,,,,,,575
Glarramundi,Suspending Minnow,,,Fair Skies,Clear Skies,,,,,,,
Namai,,,,,,,,,,,,
Nogoi,Nightcrawler,,,,,,,,,,,565
Hermit's End,Stonefly Larva,20,24,,Clear Skies,,,,,,,
The One River (East),,,,,,,,,,,,
Yanxian Koi,Nightcrawler,,,,,,,,,,,569
Longhair Catfish,Suspending Minnow,,,,N/A,,,Powerful,,,,570
Doman Trout,Nightcrawler,,,,,,,,,,,571
Yanxian Barramundi,Nightcrawler,,,,,,,Powerful,,,,572
Kotsu Zetsu,Suspending Minnow,,,,,,,,,,,616
Othardian Salmon,Nightcrawler,,,,,,,,,,,
Axelrod,Stonefly Larva,0,6,Clouds,Fair Skies,,,,,,,
The One River (West),,,,,,,,,,,,
Longhair Catfish,Suspending Minnow,,,,N/A,,,Powerful,,,,570
Doman Trout,Nightcrawler,,,,,,,,,,,571
Kotsu Zetsu,Suspending Minnow,,,,,,,,,,,616
Seraphim,Suspending Minnow,16,24,,,,,,,,,620
Hagoromo Bijin,Stonefly Larva,,,Clouds,"Clear Skies, Fair Skies",,,,,,,
Plum Spring,,,,,,,,,,,,
Doman Trout,Nightcrawler,,,,,,,,,,,571
Kotsu Zetsu,Suspending Minnow,,,,,,,,,,,616
Pandamoth,Midge Larva,10,18,,,,,,,,,617
Silken Koi,Stonefly Larva,,,,Rain,,,Powerful,,,1,629
Plum Gazer,Midge Larva,,,,,,,,,,,633
Hagoromo Koi,Stonefly Larva,,,,Fog,,,,,,1,771
Prism Canyon,,,,,,,,,,,,
Doman Trout,Nightcrawler,,,,,,,,,,,571
Doman Crayfish,Nightcrawler,,,,,,,,,,,575
Doman Eel,Midge Larva,,,,,,,,,,,584
The Unraveled Bow,Suspending Minnow,12,16,,Fog,,,,,,,
Prism Lake,,,,,,,,,,,,
Yellow Prismfish,Suspending Minnow,,,,,,,,,,,598
Blue Prismfish,Suspending Minnow,,,,,,,,,,,599
Violet Prismfish,Stonefly Larva,0,4,,,,,,,,,
Red Prismfish,Stonefly Larva,4,8,,,,,,,,,755
White Goldfish,Red Prismfish,N/A,N/A,,,,,,,,,758
Firelight Goldfish,Red Prismfish,N/A,N/A,,,,,,,,,
Indigo Prismfish,Violet Prismfish,N/A,N/A,,,,,,,,,
Green Prismfish,Stonefly Larva,0,16,,"Clear Skies, Fair Skies",,,,,,,
Warden of the Seven Hues,Stonefly Larva,,,,,"Indigo Prismfish, 3, Firelight Goldfish 3, Green Prismfish, 5",,,,,,
Mercantile Docks,,,,,,,,,,,,
Doman Trout,Nightcrawler,,,,,,,,,,,571
Doman Grass Carp,Midge Larva,20,4,,,,,Powerful,,,,592
Lordly Salmon,Midge Larva,,,,,,,,,,,597
Kotsu Zetsu,Suspending Minnow,,,,,,,,,,,616
Suiten Ippeki,Stonefly Larva,16,24,Fair Skies,Showers,,,,,,,
Doma Castle,,,,,,,,,,,,
Doman Trout,Nightcrawler,,,,,,,,,,,571
Samurai Fish,Midge Larva,,,,,,,,,,,593
Blank Oscar,Midge Larva,,,,,,,,,,,595
Dragonfish,Suspending Minnow,,,,,,,,,,,596
Raitonfish,Suspending Minnow,,,,"Rain, Showers",,,Powerful,,,,606
Bokuden,Stonefly Larva,12,14,,,,,,,,,23067
Nem Khaal,,,,,,,,,,,,
Killifish,Midge Larva,,,,Clear Skies,,,,,,,574
Zagas Khaal,Nightcrawler,,,,,,,,,,,577
Othardian Trout,Zagas Khaal,,,,,,,,,,,576
Steppe Skipper,Midge Larva,,,,,,,Precision,,,,578
Dawn Crayfish,Zagas Khaal,,,,,,,,,,,580
Garden Skipper,Midge Larva,8,12,Fair Skies,Clear Skies,,,,,,,
Hak Khaal,,,,,,,,,,,,
Zagas Khaal,Nightcrawler,,,,,,,,,,,577
Curtain Pleco,Suspending Minnow,,,,,,,,,,,581
Dry Steppe Skipper,Midge Larva,,,,,,,,,,,586
Dusk Crayfish,Zagas Khaal,,,,,,,,,,,588
Hak Bitterling,Stonefly Larva,0,4,,Rain,,,,,,1,623
Banderole,Zagas Khaal,0,8,Fair Skies,Fog,,,,,,,
Upper Yat Khaal,,,,,,,,,,,,
Tail Mountains Minnow,Midge Larva,,,,,,,,,,,573
Zagas Khaal,Nightcrawler,,,,,,,,,,,577
Dry Steppe Skipper,Midge Larva,,,,,,,,,,,586
Skytear,Midge Larva,,,,,,,,,,,587
Dusk Crayfish,Zagas Khaal,,,,,,,,,,,588
Sunshell,Midge Larva,,,,,,,,,,,
Fatty Eel,Salmon Roe,,,,,,,,,,,
Leatherscale,Salmon Roe,,,,,,,,,,,
Appleseed,Salmon Roe,,,,,,,,,,,
Blade Skipper,Suspending Minnow,4,8,,Fog,,,,,,,
Azim Khaat,,,,,,,,,,,,
Zagas Khaal,Nightcrawler,,,,,,,,,,,577
Othardian Trout,Zagas Khaal,,,,,,,,,,,576
Sun Bass,Midge Larva,,,,,,,,,,,579
Hardscale,Suspending Minnow,,,,,,,,,,,591
Sweatfish,Stonefly Larva,,,,,,,Precision,,,,622
Guppy,Stonefly Larva,16,20,,"Clear Skies, Fair Skies",,,,,,,
Water Fan,Salmon Roe,,,,,,,,,,,
Gigas Catfish,Salmon Roe,,,,,,,,,,,
Greasy Strangler,Salmon Roe,,,,,,,,,,,
Spikefish,Salmon Roe,,,,,,,,,,,
Duskfish,Zagas Khaal,10,15,"Rain, Gales",Clouds,,,,,,,
Tao Khaal,,,,,,,,,,,,
Zagas Khaal,Nightcrawler,,,,,,,,,,,577
Dry Steppe Skipper,Midge Larva,,,,,,,,,,,586
Dusk Crayfish,Zagas Khaal,,,,,,,,,,,588
Bowfish,Midge Larva,,,,,,,,,,,589
Tao Bitterling,Midge Larva,,,,,,,,,,,594
The Word of God,Stonefly Larva,20,24,,,,,,,,,772
Fish Offering,Salmon Roe,,,,,,,,,,,
Zagas A'khaal,Salmon Roe,,,,,,,,,,,
Steppe Sweetfish,Salmon Roe,,,,,,,,,,,
Moon Oyster,Salmon Roe,,,,,,,,,,,
Lower Yat Khaal,,,,,,,,,,,,
Zagas Khaal,Nightcrawler,,,,,,,,,,,577
Othardian Trout,Zagas Khaal,,,,,,,,,,,576
Steppe Skipper,Midge Larva,,,,,,,Precision,,,,578
Dawn Crayfish,Zagas Khaal,,,,,,,,,,,580
Yat Goby,Midge Larva,,,,,,,,,,,582
Jade Sculpin,Midge Larva,,,,,,,,,,,590
Yat Khan,Stonefly Larva,,,,Wind,,,,,,,773
Crimson Copperfish,Salmon Roe,,,,,,,,,,,
Dusk Scallop,Salmon Roe,,,,,,,,,,,
Granite Hardscale,Salmon Roe,,,,,,,,,,,
Fishy Fish,Salmon Roe,,,,,,,,,,,
Dotharl Khaa,,,,,,,,,,,,
Brassfish,Nightcrawler,,,,,,,,,,,585
Nhaama's Boon,Midge Larva,,,,,,,,,,,583
Steppe Barramundi,Salmon Roe,,,,,,,,,,,
Arrowhead Snail,Salmon Roe,,,,,,,,,,,
Plump Trout,Salmon Roe,,,,,,,,,,,
Crawling Cog,Salmon Roe,,,,,,,,,,,
Nhaama's Treasure,Suspending Minnow,4,8,Rain,Clear Skies,,,,,,,
The Unconditional,,,,,,,,,,,,
Kugane Piers,,,,,,,,,,,,
Grinning Anchovy,Live Shrimp,,,,,,,,,,,539
Ruby Shrimp,Live Shrimp,,,,,,,,,,,545
Striped Fugu,Ruby Shrimp,,,,,,,,,,,562
Glass Tuna,Ruby Shrimp,,,,,,,,,,,605
Hanatatsu,Ruby Shrimp,,,,,,,,,,,630
Ribbon Eel,Ruby Shrimp,,,,,,,,,,,
Rising Dragon,Ruby Shrimp,,,,,,,,,,,
Shirogane,,,,,,,,,,,,
Grinning Anchovy,Live Shrimp,,,,,,,,,,,539
Ruby Shrimp,Live Shrimp,,,,,,,,,,,545
Striped Fugu,Ruby Shrimp,,,,,,,,,,,562
Glass Tuna,Ruby Shrimp,,,,,,,,,,,605
The Gambler,Blue Bobbit,,,,,,,,,,,
The Silver Canal,,,,,,,,,,,,
Nogoi,Nightcrawler,,,,,,,,,,,565
Doman Trout,Nightcrawler,,,,,,,,,,,571
Killifish,Midge Larva,,,,Clear Skies,,,,,,,574
Brassfish,Nightcrawler,,,,,,,,,,,585
Bonsai Fish,Nightcrawler,,,,,,,,,,,
Princess Killifish,Nightcrawler,4,6,,,,,,,,,
Ruby Price Depths,,,,,,,,,,,,
Wentletrap,Small Gig Head,,,,,,,,,,,638
Black Boxfish,Normal Gig Head,,,,,,,,,,,639
Spider Crab,Large Gig Head,,,,,,,,,,,648
Hatchetfish,Small Gig Head,,,,,,,,,,,656
Threadfish,Normal Gig Head,,,,,,,,,,,657
Corpse-eater,Large Gig Head,,,,,,,,,,,665
Tamamizu,,,,,,,,,,,,
Wentletrap,Small Gig Head,,,,,,,,,,,638
Glass Manta,Large Gig Head,,,,,,,,,,,640
Little Dragonfish,Normal Gig Head,,,,,,,,,,,649
Garden Eel,Small Gig Head,,,,,,,,,,,658
Ronin Trevally,Large Gig Head,,,,,,,,,,,666
Swordtip,Normal Gig Head,,,,,,,,,,,673
SuinoSato,,,,,,,,,,,,
Regal Silverside,Small Gig Head,,,,,,,,,,,641
Little Dragonfish,Normal Gig Head,,,,,,,,,,,649
Black Fanfish,Large Gig Head,,,,,,,,,,,650
Eastern Sea Pickle,Small Gig Head,,,,,,,,,,,659
Toothsome Grouper,Large Gig Head,,,,,,,,,,,667
False Scad,Normal Gig Head,,,,,,,,,,,674
The Adventure,,,,,,,,,,,,
Regal Silverside,Small Gig Head,,,,,,,,,,,641
Black Boxfish,Normal Gig Head,,,,,,,,,,,639
Zebra Shark,Large Gig Head,,,,,,,,,,,651
Brindlebass,Large Gig Head,,,,,,,,,,,660
Horned Turban,Small Gig Head,,,,,,,,,,,668
Snow Crab,Normal Gig Head,,,,,,,,,,,675
Shisui of the Violet Tides,,,,,,,,,,,,
Snowflake Moray,Normal Gig Head,,,,,,,,,,,642
Nophica's Comb,Small Gig Head,,,,,,,,,,,652
Black Fanfish,Large Gig Head,,,,,,,,,,,650
Demon Stonefish,Normal Gig Head,,,,,,,,,,,661
Ruby Sea Star,Small Gig Head,,,,,,,,,,,669
Red-eyed Lates,Large Gig Head,,,,,,,,,,,676
The One River Southwestern Riverbeds,,,,,,,,,,,,
Hoppfish,Small Gig Head,,,,,,,,,,,643
Lightscale,Large Gig Head,,,,,,,,,,,644
Warty Wartfish,Normal Gig Head,,,,,,,,,,,653
Gauntlet Crab,Small Gig Head,,,,,,,,,,,670
Common Bitterling,Normal Gig Head,,,,,,,,,,,677
Fifty-summer Cod,Large Gig Head,,,,,,,,,,,678
The One River Southern Riverbeds,,,,,,,,,,,,
Grass Fugu,Normal Gig Head,,,,,,,,,,,645
Giant Eel,Large Gig Head,,,,,,,,,,,646
Common Whelk,Small Gig Head,,,,,,,,,,,654
Armored Crayfish,Small Gig Head,,,,,,,,,,,662
Bighead Carp,Large Gig Head,,,,,,,,,,,663
Hermit Goby,Normal Gig Head,,,,,,,,,,,671
Imperial Hypersonic Assault Craft L-XXIII,,,,,,,,,,,,
Kamina Crab,Small Gig Head,,,,,,,,,,,647
Grass Fugu,Normal Gig Head,,,,,,,,,,,645
Hairless Barb,Large Gig Head,,,,,,,,,,,655
Zeni Clam,Small Gig Head,,,,,,,,,,,664
Nagxian Mullet,Normal Gig Head,,,,,,,,,,,679
Skythorn,Large Gig Head,,,,,,,,,,,672
The Kobayashi Maru,,,,,,,,,,,,
Redcoat,Normal Gig Head,,,,,,,,,,,680
Sea Lamp,Small Gig Head,,,,,,,,,,,692
Amberjack,Large Gig Head,,,,,,,,,,,693
Spiny Lobster,Normal Gig Head,,,,,,,,,,,703
Bashful Batfish,Small Gig Head,,,,,,,,,,,711
Motley Beakfish,Large Gig Head,,,,,,,,,,,720
Ichimonji,Large Gig Head,2,12,,,,,,,,,
The Sunken Junk,,,,,,,,,,,,
Yanxian Tiger Prawn,Small Gig Head,,,,,,,,,,,681
Tengu Fan,Normal Gig Head,,,,,,,,,,,682
Cherry Salmon,Large Gig Head,,,,,,,,,,,694
Doman Bubble Eye,Small Gig Head,,,,,,,,,,,705
River Bream,Normal Gig Head,,,,,,,,,,,712
Ichthyosaur,Large Gig Head,,,,,,,,,,,722
The Dragon's Struggle,,,,,,,,,,,,
Star Turban,Small Gig Head,,,,,,,,,,,683
Blue-fish,Large Gig Head,,,,,,,,,,,684
Yu-no-hana Crab,Normal Gig Head,,,,,,,,,,,695
Dragon Squeaker,Small Gig Head,,,,,,,,,,,706
Snipe Eel,Large Gig Head,,,,,,,,,,,713
Sailfin,Normal Gig Head,,,,,,,,,,,723
Azim Khaat Western Lakebed,,,,,,,,,,,,
Steppe Bullfrog,Small Gig Head,,,,,,,,,,,685
Cavalry Catfish,Large Gig Head,,,,,,,,,,,686
Dotharli Gudgeon,Normal Gig Head,,,,,,,,,,,696
Dawn Herald,Small Gig Head,,,,,,,,,,,707
Dusk Herald,Normal Gig Head,,,,,,,,,,,715
Flamefish,Large Gig Head,,,,,,,,,,,725
Azim Khaat Eastern Lakebed,,,,,,,,,,,,
Redfin,Normal Gig Head,,,,,,,,,,,687
River Clam,Small Gig Head,,,,,,,,,,,697
Grass Shark,Large Gig Head,,,,,,,,,,,698
Dawn Herald,Small Gig Head,,,,,,,,,,,707
Fickle Krait,Normal Gig Head,,,,,,,,,,,726
Glaring Perch,Large Gig Head,,,,,,,,,,,716
Loch Seld Northwestern Lakebed,,,,,,,,,,,,
Moondisc,Small Gig Head,,,,,,,,,,,688
Bleached Bonytongue,Large Gig Head,,,,,,,,,,,689
Typhoon Shrimp,Normal Gig Head,,,,,,,,,,,699
Salt Cellar,Small Gig Head,,,,,,,,,,,708
Abalathian Pipira,Normal Gig Head,,,,,,,,,,,717
Flood Tuna,Large Gig Head,,,,,,,,,,,729
Loch Seld Central Lakebed,,,,,,,,,,,,
Salt Shark,Normal Gig Head,,,,,,,,,,,690
Bleached Bonytongue,Large Gig Head,,,,,,,,,,,689
Rock Oyster,Small Gig Head,,,,,,,,,,,700
White Sturgeon,Large Gig Head,,,,,,,,,,,709
Steel Loach,Small Gig Head,,,,,,,,,,,718
Mercenary Crab,Normal Gig Head,,,,,,,,,,,730
Loch Seld Southeastern Lakebed,,,,,,,,,,,,
King's Mantle,Large Gig Head,,,,,,,,,,,691
Salt Urchin,Small Gig Head,,,,,,,,,,,701
Carpenter Crab,Normal Gig Head,,,,,,,,,,,702
Tithe Collector,Large Gig Head,,,,,,,,,,,710
Ivory Sole,Normal Gig Head,,,,,,,,,,,719
Ashfish,Small Gig Head,,,,,,,,,,,731
Node #480,,,,,,,,,,,,
Horned Turban,Small Gig Head,,,,,,,,,,,668
Swordtip,Normal Gig Head,,,,,,,,,,,673
Spiny Lobster,Normal Gig Head,,,,,,,,,,,703
Bashful Batfish,Small Gig Head,,,,,,,,,,,711
Mitsukuri Shark,Large Gig Head,,,,,"Bashful Batfish, 10",,,,,,704
Thousandfang,Large Gig Head,,,,,"Bashful Batfish, 10",,,,,,721
Tiny Tatsunoko,Large Gig Head,,,,,"Bashful Batfish, 10",,,,,,734
Node #481,,,,,,,,,,,,
Doman Bubble Eye,Small Gig Head,,,,,,,,,,,705
Dragon Squeaker,Small Gig Head,,,,,,,,,,,706
Snipe Eel,Large Gig Head,,,,,,,,,,,713
Ichthyosaur,Large Gig Head,,,,,,,,,,,722
Cherubfish,Normal Gig Head,,,,,"Ichthyosaur, 10",,,,,,714
Fangshi,Normal Gig Head,,,,,"Ichthyosaur, 10",,,,,,724
Dafangshi,Small Gig Head,,,,,"Ichthyosaur, 10",,,,,,5002
Node #482,,,,,,,,,,,,
Dusk Herald,Normal Gig Head,,,,,,,,,,,715
Glaring Perch,Large Gig Head,,,,,,,,,,,716
Fickle Krait,Normal Gig Head,,,,,,,,,,,726
Flamefish,Large Gig Head,,,,,,,,,,,725
Eternal Eye,Small Gig Head,,,,,"Glaring Perch, 10",,,,,,727
Soul of the Stallion,Small Gig Head,,,,,"Glaring Perch, 10",,,,,,728
Node #483,,,,,,,,,,,,
Salt Cellar,Small Gig Head,,,,,,,,,,,708
Steel Loach,Small Gig Head,,,,,,,,,,,718
Abalathian Pipira,Normal Gig Head,,,,,,,,,,,717
Ivory Sole,Normal Gig Head,,,,,,,,,,,719
Silken Sunfish,Large Gig Head,,,,,"Mercenary Crab, 10",,,,,,732
Mosasaur,Large Gig Head,,,,,"Mercenary Crab, 10",,,,,,733
Node #530,,,,,,,,,,,,
Corpse-eater,Large Gig Head,,,,,,,,,,,
Eastern Sea Pickle,Small Gig Head,,,,,,,,,,,
Horned Turban,Small Gig Head,,,,,,,,,,,
Motley Beakfish,Large Gig Head,,,,,,,,,,,
Snailfish,Normal Gig Head,,,,,"Ichimonji, 10",,,,,,
Spiny Lobster,Normal Gig Head,,,,,,,,,,,